strategy,algorithm,query_row_index,query_book_id,query_title,query_course_id,predicted_classes,top_result_row_index,top_result_book_id,top_result_course_id,precision@1,recall@1,f1@1,hit@1,precision@3,recall@3,f1@3,hit@3,precision@5,recall@5,f1@5,hit@5,mrr
cosine_only,ann,642,643,PC Entertainment เปิดโลกบันเทิงบนพีซีตัวเก่ง,24,,484,485,4,0.0,0.0,0.0,0.0,0.3333333333333333,0.09090909090909091,0.14285714285714288,1.0,0.2,0.09090909090909091,0.12500000000000003,1.0,0.3333333333333333
cosine_only,ann,77,78,คู่มือเรียนโครงสร้างข้อมูลและอัลกอริทึม (Data Structure and Algorithm) ฉบับสมบูรณ์ 2nd Edition,9,,55,56,7,0.0,0.0,0.0,0.0,0.3333333333333333,0.05263157894736842,0.09090909090909091,1.0,0.6,0.15789473684210525,0.25,1.0,0.3333333333333333
cosine_only,ann,206,207,Fundamental of Deep Learning in Practice,20,,205,206,20,1.0,0.125,0.2222222222222222,1.0,1.0,0.375,0.5454545454545454,1.0,0.8,0.5,0.6153846153846154,1.0,1.0
cosine_only,ann,336,337,การออกแบบฐานข้อมูลเชิงสัมพันธ์(Relational Database Design),12,,115,116,12,1.0,0.022727272727272728,0.044444444444444446,1.0,1.0,0.06818181818181818,0.1276595744680851,1.0,1.0,0.11363636363636363,0.20408163265306123,1.0,1.0
cosine_only,ann,245,246,คู่มือ Windows server 2008 R2 ฉบับใช้งานจริง step by step,8,,246,247,8,1.0,0.024390243902439025,0.047619047619047616,1.0,0.6666666666666666,0.04878048780487805,0.0909090909090909,1.0,0.4,0.04878048780487805,0.08695652173913045,1.0,1.0
cosine_only,ann,676,677,สร้างเว็บไซต์ด้วย HTML 5 ร่วมกับ CSS 3 และ jQuery,14,,177,178,17,0.0,0.0,0.0,0.0,0.3333333333333333,0.03225806451612903,0.0588235294117647,1.0,0.2,0.03225806451612903,0.05555555555555555,1.0,0.5
cosine_only,ann,538,539,อินไซท์ Visual basic .NET,7,,531,532,7,1.0,0.01639344262295082,0.03225806451612903,1.0,0.3333333333333333,0.01639344262295082,0.03125,1.0,0.4,0.03278688524590164,0.060606060606060615,1.0,1.0
cosine_only,ann,358,359,ระบบฐานข้อมูล DATABASE SYSTEMS,12,,126,127,12,1.0,0.022727272727272728,0.044444444444444446,1.0,1.0,0.06818181818181818,0.1276595744680851,1.0,1.0,0.11363636363636363,0.20408163265306123,1.0,1.0
cosine_only,ann,729,730,เขียนโปรแกรมเชิงวัตถุภาษา Java,7,,730,731,7,1.0,0.01639344262295082,0.03225806451612903,1.0,1.0,0.04918032786885246,0.09375,1.0,1.0,0.08196721311475409,0.1515151515151515,1.0,1.0
cosine_only,ann,187,188,พัฒนา Mobile App บนระบบandroid ด้วย Kotlin,18,,595,596,18,1.0,0.037037037037037035,0.07142857142857142,1.0,0.6666666666666666,0.07407407407407407,0.13333333333333333,1.0,0.8,0.14814814814814814,0.25,1.0,1.0
cosine_only,ann,94,95,เทคนิคการเชื่อมต่อ IoT บนแพลตฟอร์ม ไมโครคอนโทรลเลอร์ Arduino,10,,161,162,15,0.0,0.0,0.0,0.0,0.6666666666666666,0.1111111111111111,0.1904761904761905,1.0,0.6,0.16666666666666666,0.2608695652173913,1.0,0.5
cosine_only,ann,301,302,คู่มือใช้งาน IPhone 4S IOS5 ฉบับสมบูรณ์,4,,597,598,18,0.0,0.0,0.0,0.0,0.0,0.0,0.0,0.0,0.4,0.021052631578947368,0.039999999999999994,1.0,0.25
cosine_only,ann,33,34,เทคนิคดิจิตอล ภาคทฤษฎี,5,,35,36,5,1.0,0.125,0.2222222222222222,1.0,0.3333333333333333,0.125,0.18181818181818182,1.0,0.2,0.125,0.15384615384615385,1.0,1.0
cosine_only,ann,440,441,การโปรแกรมเชิงเส้นเบื้องต้น Elementary Linear Programming,6,,699,700,25,0.0,0.0,0.0,0.0,0.6666666666666666,0.05263157894736842,0.09756097560975609,1.0,0.6,0.07894736842105263,0.1395348837209302,1.0,0.5
cosine_only,ann,395,396,100 เรื่องต้องรู้ก่อนโตคอมพิวเตอร์และโค้ดดิ้ง,1,,731,732,11,0.0,0.0,0.0,0.0,0.0,0.0,0.0,0.0,0.0,0.0,0.0,0.0,0.0
cosine_only,ann,409,410,การวิเคราะห์ข้อมูลโดย SAS และ SPSS,23,,408,409,23,1.0,0.02857142857142857,0.05555555555555556,1.0,1.0,0.08571428571428572,0.15789473684210528,1.0,1.0,0.14285714285714285,0.25,1.0,1.0
cosine_only,ann,667,668,คัมภีร์ ภาษา C เหมาะสำหรับโปรเเกรมเมอร์ และ ผู้สนใจคอมพิวเตอร์,1,,727,728,2,0.0,0.0,0.0,0.0,0.6666666666666666,0.019801980198019802,0.038461538461538464,1.0,0.8,0.039603960396039604,0.07547169811320754,1.0,0.5
cosine_only,ann,161,162,เทคนิคการเชื่อมต่อ IoT บนแพลตฟอร์ม ไมโครคอนโทรลเลอร์ Arduino,15,,94,95,10,0.0,0.0,0.0,0.0,0.0,0.0,0.0,0.0,0.2,0.1,0.13333333333333333,1.0,0.25
cosine_only,ann,455,456,การวิเคราะห์การถดถอย,23,,451,452,23,1.0,0.02857142857142857,0.05555555555555556,1.0,1.0,0.08571428571428572,0.15789473684210528,1.0,1.0,0.14285714285714285,0.25,1.0,1.0
cosine_only,ann,410,411,มาตรฐานข้อมูล statXML,23,,4,5,1,0.0,0.0,0.0,0.0,0.0,0.0,0.0,0.0,0.0,0.0,0.0,0.0,0.0
cosine_only,ann,284,285,เทอร์โมโปรล็อกและระบบผู้เชี่ยวชาญ,2,,617,618,2,1.0,0.02564102564102564,0.05,1.0,0.3333333333333333,0.02564102564102564,0.047619047619047616,1.0,0.2,0.02564102564102564,0.045454545454545456,1.0,1.0
cosine_only,ann,733,734,สัญญาณและระบบ,11,,732,733,11,1.0,0.02857142857142857,0.05555555555555556,1.0,0.6666666666666666,0.05714285714285714,0.10526315789473684,1.0,0.8,0.11428571428571428,0.19999999999999998,1.0,1.0
cosine_only,ann,165,166,การทำเหมืองข้อมูล : Data Mining,16,,166,167,16,1.0,0.0625,0.11764705882352941,1.0,1.0,0.1875,0.3157894736842105,1.0,1.0,0.3125,0.47619047619047616,1.0,1.0
cosine_only,ann,496,497,แรกเริ่มเรียนรู้เรื่องการเขียนโปรแกรมด้วย Delphi เรียบเรียงจาก Delphi programming for Dummies,1,,670,671,1,1.0,0.009900990099009901,0.0196078431372549,1.0,0.6666666666666666,0.019801980198019802,0.038461538461538464,1.0,0.4,0.019801980198019802,0.03773584905660377,1.0,1.0
cosine_only,ann,574,575,รวมสุดยอดโปรแกรมเล่นเน็ต,4,,469,470,1,0.0,0.0,0.0,0.0,0.3333333333333333,0.010526315789473684,0.020408163265306124,1.0,0.2,0.010526315789473684,0.019999999999999997,1.0,0.3333333333333333
cosine_only,ann,556,557,กลเม็ดและเทคนิคในภาษา C/C+,1,,549,550,1,1.0,0.009900990099009901,0.0196078431372549,1.0,1.0,0.0297029702970297,0.05769230769230769,1.0,1.0,0.04950495049504951,0.09433962264150944,1.0,1.0
cosine_only,ann,666,667,การเขียนชุดคำสั่งภาษา C,1,,551,552,1,1.0,0.009900990099009901,0.0196078431372549,1.0,1.0,0.0297029702970297,0.05769230769230769,1.0,1.0,0.04950495049504951,0.09433962264150944,1.0,1.0
cosine_only,ann,628,629,DESIGN PATTERNS,7,,517,518,7,1.0,0.01639344262295082,0.03225806451612903,1.0,1.0,0.04918032786885246,0.09375,1.0,1.0,0.08196721311475409,0.1515151515151515,1.0,1.0
cosine_only,ann,380,381,จักรกลเสมือน หมายเลข1....VMware ESXi 4.0,8,,250,251,1,0.0,0.0,0.0,0.0,0.6666666666666666,0.04878048780487805,0.0909090909090909,1.0,0.4,0.04878048780487805,0.08695652173913045,1.0,0.5
cosine_only,ann,134,135,ระบบสารสนเทศเพื่อการจัดการ,13,,132,133,13,1.0,0.1,0.18181818181818182,1.0,1.0,0.3,0.4615384615384615,1.0,1.0,0.5,0.6666666666666666,1.0,1.0
cosine_only,ann,341,342,คู่มือใช้งานAccess2010ฉบับสมบูรณ์,12,,345,346,12,1.0,0.022727272727272728,0.044444444444444446,1.0,1.0,0.06818181818181818,0.1276595744680851,1.0,1.0,0.11363636363636363,0.20408163265306123,1.0,1.0
cosine_only,ann,256,257,รวมสุดยอดเว็บไซต์ลีนุกซ์,8,,254,255,2,0.0,0.0,0.0,0.0,0.6666666666666666,0.04878048780487805,0.0909090909090909,1.0,0.6,0.07317073170731707,0.13043478260869565,1.0,0.5
cosine_only,ann,476,477,ความรู้พื้นฐานทางคอมพิวเตอร์ Fundamental Computer Concept,4,,701,702,4,1.0,0.010526315789473684,0.020833333333333332,1.0,1.0,0.031578947368421054,0.061224489795918366,1.0,0.8,0.042105263157894736,0.07999999999999999,1.0,1.0
cosine_only,ann,509,510,เอกสารคำสอน วิชา 357363 คอมพิวเตอร์ในชีวิตประจำวัน Computer in everyday life,4,,510,511,4,1.0,0.010526315789473684,0.020833333333333332,1.0,0.6666666666666666,0.021052631578947368,0.04081632653061225,1.0,0.6,0.031578947368421054,0.060000000000000005,1.0,1.0
cosine_only,ann,22,23,งานไฟฟ้าและอิเล็กทรอนิกส์เบื้องต้น,3,,21,22,3,1.0,0.07692307692307693,0.14285714285714288,1.0,1.0,0.23076923076923078,0.375,1.0,1.0,0.38461538461538464,0.5555555555555556,1.0,1.0
cosine_only,ann,228,229,การวิเคราะห์และออกแบบระบบSystems analysis and design,22,,401,402,22,1.0,0.09090909090909091,0.16666666666666669,1.0,1.0,0.2727272727272727,0.42857142857142855,1.0,1.0,0.45454545454545453,0.625,1.0,1.0
cosine_only,ann,201,202,วิศวกรรมซอฟต์แวร์:หลักการออกแบบพัฒ(@),19,,404,405,22,0.0,0.0,0.0,0.0,0.0,0.0,0.0,0.0,0.0,0.0,0.0,0.0,0.0
cosine_only,ann,249,250,คู่มือ Linux security,21,,226,227,21,1.0,0.05555555555555555,0.10526315789473684,1.0,0.6666666666666666,0.1111111111111111,0.1904761904761905,1.0,0.4,0.1111111111111111,0.1739130434782609,1.0,1.0
cosine_only,ann,684,685,เรียนด้วยตนเอง ยูนิกซ์ แค่ปลายนิ้ว,8,,687,688,8,1.0,0.024390243902439025,0.047619047619047616,1.0,0.6666666666666666,0.04878048780487805,0.0909090909090909,1.0,0.8,0.0975609756097561,0.1739130434782609,1.0,1.0
cosine_only,ann,677,678,Java : ฉบับพื้นฐาน,7,,513,514,4,0.0,0.0,0.0,0.0,0.6666666666666666,0.03278688524590164,0.0625,1.0,0.6,0.04918032786885246,0.09090909090909091,1.0,0.5
cosine_only,ann,549,550,คู่มือการเขียนโปรแกรมภาษา C,1,,6,7,1,1.0,0.009900990099009901,0.0196078431372549,1.0,1.0,0.0297029702970297,0.05769230769230769,1.0,1.0,0.04950495049504951,0.09433962264150944,1.0,1.0
cosine_only,ann,526,527,คัมภีร์ Visual Basic 6.0 : สำหรับโปรแกรมเมอร์,7,,527,528,7,1.0,0.01639344262295082,0.03225806451612903,1.0,0.6666666666666666,0.03278688524590164,0.0625,1.0,0.8,0.06557377049180328,0.12121212121212123,1.0,1.0
cosine_only,ann,730,731,เขียนโปรแกรมเชิงวัตถุภาษา Java OOP ฉบับสมบูรณ์,7,,729,730,7,1.0,0.01639344262295082,0.03225806451612903,1.0,1.0,0.04918032786885246,0.09375,1.0,1.0,0.08196721311475409,0.1515151515151515,1.0,1.0
cosine_only,ann,674,675,การเขียนโปรแกรมภาษา C++,1,,728,729,7,0.0,0.0,0.0,0.0,0.3333333333333333,0.009900990099009901,0.019230769230769232,1.0,0.4,0.019801980198019802,0.03773584905660377,1.0,0.5
cosine_only,ann,515,516,คู่มือยูนิกซ์เดสก์ทอป Korn Shell,8,,685,686,8,1.0,0.024390243902439025,0.047619047619047616,1.0,0.6666666666666666,0.04878048780487805,0.0909090909090909,1.0,0.6,0.07317073170731707,0.13043478260869565,1.0,1.0
cosine_only,ann,189,190,สร้าง Mobile App ข้ามแพลตฟอร์ม ด้วย PhoneGap,18,,191,192,18,1.0,0.037037037037037035,0.07142857142857142,1.0,1.0,0.1111111111111111,0.19999999999999998,1.0,1.0,0.18518518518518517,0.3125,1.0,1.0
cosine_only,ann,739,740,การสื่อสารข้อมูลและเครือข่าย,11,,746,747,11,1.0,0.02857142857142857,0.05555555555555556,1.0,1.0,0.08571428571428572,0.15789473684210528,1.0,1.0,0.14285714285714285,0.25,1.0,1.0
cosine_only,ann,124,125,ระบบฐานข้อมูล,12,,354,355,12,1.0,0.022727272727272728,0.044444444444444446,1.0,1.0,0.06818181818181818,0.1276595744680851,1.0,1.0,0.11363636363636363,0.20408163265306123,1.0,1.0
cosine_only,ann,659,660,ภาพประกอบความรู้เบื้องต้นเกี่ยวกับคอมพิวเตอร์,2,,701,702,4,0.0,0.0,0.0,0.0,0.0,0.0,0.0,0.0,0.2,0.02564102564102564,0.045454545454545456,1.0,0.2
cosine_only,ann,747,748,ก้าวทันโลก Internet,11,,656,657,4,0.0,0.0,0.0,0.0,0.0,0.0,0.0,0.0,0.0,0.0,0.0,0.0,0.0
cosine_only,ann,672,673,"การพัฒนา ระบบฐานข้อมูล ด้วยภาษาซี
 C DATA BASE DEVELOPMENT",1,,116,117,12,0.0,0.0,0.0,0.0,0.0,0.0,0.0,0.0,0.0,0.0,0.0,0.0,0.0
cosine_only,ann,663,664,การโปรแกรมภาษาเบสิก Basic programming,1,,483,484,1,1.0,0.009900990099009901,0.0196078431372549,1.0,0.3333333333333333,0.009900990099009901,0.019230769230769232,1.0,0.4,0.019801980198019802,0.03773584905660377,1.0,1.0
cosine_only,ann,271,272,เรียนลัด Visual Basic6.0 สไตล์ Visual Guide,1,,526,527,7,0.0,0.0,0.0,0.0,0.0,0.0,0.0,0.0,0.2,0.009900990099009901,0.018867924528301886,1.0,0.2
cosine_only,ann,29,30,อิเล็กทรอนิกส์อุตสาหกรรม 1,3,,27,28,3,1.0,0.07692307692307693,0.14285714285714288,1.0,1.0,0.23076923076923078,0.375,1.0,1.0,0.38461538461538464,0.5555555555555556,1.0,1.0
cosine_only,ann,520,521,Object-oriented : analysis and design,7,,198,199,19,0.0,0.0,0.0,0.0,0.3333333333333333,0.01639344262295082,0.03125,1.0,0.2,0.01639344262295082,0.030303030303030307,1.0,0.5
cosine_only,ann,436,437,Introduction to differential calculus and integration,6,,384,385,6,1.0,0.02631578947368421,0.05128205128205127,1.0,1.0,0.07894736842105263,0.14634146341463414,1.0,1.0,0.13157894736842105,0.23255813953488372,1.0,1.0
cosine_only,ann,609,610,จับตายวายร้ายโทรจัน,4,,605,606,4,1.0,0.010526315789473684,0.020833333333333332,1.0,0.3333333333333333,0.010526315789473684,0.020408163265306124,1.0,0.6,0.031578947368421054,0.060000000000000005,1.0,1.0
cosine_only,ann,724,725,กระบวนการแยกเชิงกลในอุตสาหกรรม,25,,617,618,2,0.0,0.0,0.0,0.0,0.0,0.0,0.0,0.0,0.0,0.0,0.0,0.0,0.0
cosine_only,ann,742,743,ก้าวสู่ระบบเครือข่าย ยุค2000,11,,112,113,11,1.0,0.02857142857142857,0.05555555555555556,1.0,1.0,0.08571428571428572,0.15789473684210528,1.0,1.0,0.14285714285714285,0.25,1.0,1.0
cosine_only,ann,421,422,การวิเคราะห์การถดถอย : แนวคิด วิธีการและการประยุกต์ใช้,23,,406,407,23,1.0,0.02857142857142857,0.05555555555555556,1.0,1.0,0.08571428571428572,0.15789473684210528,1.0,1.0,0.14285714285714285,0.25,1.0,1.0
cosine_only,ann,603,604,เอกสารประกอบการสอนรายวิชา 060213611 การโปรแกรมคอมพิวเตอร์ (Programming for computer game),1,,513,514,4,0.0,0.0,0.0,0.0,0.6666666666666666,0.019801980198019802,0.038461538461538464,1.0,0.4,0.019801980198019802,0.03773584905660377,1.0,0.5
cosine_only,ann,447,448,การวิเคราะห์สถิติ : สถิติเพื่อการตัดสินใจ,23,,415,416,23,1.0,0.02857142857142857,0.05555555555555556,1.0,0.6666666666666666,0.05714285714285714,0.10526315789473684,1.0,0.8,0.11428571428571428,0.19999999999999998,1.0,1.0
cosine_only,ann,280,281,พัฒนา Mobile App ฉบับ Pro android,18,,192,193,18,1.0,0.037037037037037035,0.07142857142857142,1.0,0.6666666666666666,0.07407407407407407,0.13333333333333333,1.0,0.8,0.14814814814814814,0.25,1.0,1.0
cosine_only,ann,268,269,Advanced Visual Basic Version 6.0,1,,528,529,1,1.0,0.009900990099009901,0.0196078431372549,1.0,0.3333333333333333,0.009900990099009901,0.019230769230769232,1.0,0.2,0.009900990099009901,0.018867924528301886,1.0,1.0
cosine_only,ann,399,400,การแจกแจงเชิงสถิติ Statistical Distributions,9,,415,416,23,0.0,0.0,0.0,0.0,0.0,0.0,0.0,0.0,0.0,0.0,0.0,0.0,0.0
cosine_only,ann,561,562,"BASIC LINGOMI
 DIRECTOR 6.0",17,,234,235,4,0.0,0.0,0.0,0.0,0.0,0.0,0.0,0.0,0.0,0.0,0.0,0.0,0.0
cosine_only,ann,1,2,อัลกอริทึมและ การเขียนโปรแกรมภาษา C,1,,669,670,1,1.0,0.009900990099009901,0.0196078431372549,1.0,1.0,0.0297029702970297,0.05769230769230769,1.0,1.0,0.04950495049504951,0.09433962264150944,1.0,1.0
cosine_only,ann,138,139,พัฒนา เว็บไซต์สมัยใหม่ด้วย HTML5 JavaScript + CSS3 ฉบับสมบูรณ์,14,,560,561,14,1.0,0.03225806451612903,0.0625,1.0,1.0,0.0967741935483871,0.17647058823529413,1.0,1.0,0.16129032258064516,0.27777777777777773,1.0,1.0
cosine_only,ann,68,69,ระบบปฏิบัติการ(OPERATING SYSTEMS),8,,625,626,8,1.0,0.024390243902439025,0.047619047619047616,1.0,1.0,0.07317073170731707,0.13636363636363635,1.0,1.0,0.12195121951219512,0.21739130434782605,1.0,1.0
cosine_only,ann,234,235,Authorware 7 เรียนรู้และประยุกต์ใช้งาน สไตล์ Workshop,4,,460,461,24,0.0,0.0,0.0,0.0,0.0,0.0,0.0,0.0,0.0,0.0,0.0,0.0,0.0
cosine_only,ann,127,128,ระบบสารสนเทศเพื่อการจัดการ,13,,128,129,13,1.0,0.1,0.18181818181818182,1.0,1.0,0.3,0.4615384615384615,1.0,1.0,0.5,0.6666666666666666,1.0,1.0
cosine_only,ann,405,406,การวิเคราะห์และออกแบบระบบSystems analysis and design (ฉบับปรับปรุงเพิ่มเติม),22,,404,405,22,1.0,0.09090909090909091,0.16666666666666669,1.0,1.0,0.2727272727272727,0.42857142857142855,1.0,1.0,0.45454545454545453,0.625,1.0,1.0
cosine_only,ann,90,91,"คัมภีร์การใช้งาน C# : ควบคุม การทำงาน Microcontroller, PLC และ IoT",10,,93,94,10,1.0,0.05555555555555555,0.10526315789473684,1.0,0.6666666666666666,0.1111111111111111,0.1904761904761905,1.0,0.6,0.16666666666666666,0.2608695652173913,1.0,1.0
cosine_only,ann,87,88,เรียนรู้ระบบฝังตัวด้วย Raspberry Pi,10,,154,155,15,0.0,0.0,0.0,0.0,0.0,0.0,0.0,0.0,0.0,0.0,0.0,0.0,0.0
cosine_only,ann,286,287,หนังสือเรียนคอมพิวเตอร์การใช้โปรแกรมไมโครซอฟต์แอกเซส 2003 (Microsoft office Access 2003),4,,117,118,12,0.0,0.0,0.0,0.0,0.0,0.0,0.0,0.0,0.0,0.0,0.0,0.0,0.0
cosine_only,ann,591,592,คู่มือพัฒนาโปรแกรมandroid ฉบับสร้างสื่อการสอน,18,,590,591,18,1.0,0.037037037037037035,0.07142857142857142,1.0,1.0,0.1111111111111111,0.19999999999999998,1.0,0.8,0.14814814814814814,0.25,1.0,1.0
cosine_only,ann,702,703,คอมพิวเตอร์และเทคโนโลยีสารสนเทศสำหรับครู Computer and information technology for teachers,26,,212,213,4,0.0,0.0,0.0,0.0,0.0,0.0,0.0,0.0,0.0,0.0,0.0,0.0,0.0
cosine_only,ann,557,558,ภาษาและการโปรเเกรม C (ฉบับปรับปรุง),1,,666,667,1,1.0,0.009900990099009901,0.0196078431372549,1.0,1.0,0.0297029702970297,0.05769230769230769,1.0,1.0,0.04950495049504951,0.09433962264150944,1.0,1.0
cosine_only,ann,320,321,ความมั่นคงปลอดภัยของคอมพิวเตอร์,21,,317,318,21,1.0,0.05555555555555555,0.10526315789473684,1.0,1.0,0.16666666666666666,0.2857142857142857,1.0,0.8,0.2222222222222222,0.3478260869565218,1.0,1.0
cosine_only,ann,594,595,THE android BOOK ใช้ได้กับเวอร์ชัน 1.5 - 2.3คู่มือสมาร์ทโฟนแอนดรอยด์ฉบับสมบูรณ์ที่สุด,18,,589,590,18,1.0,0.037037037037037035,0.07142857142857142,1.0,0.6666666666666666,0.07407407407407407,0.13333333333333333,1.0,0.6,0.1111111111111111,0.18750000000000003,1.0,1.0
cosine_only,ann,513,514,การเขียนโปรแกรมคอมพิวเตอร์เบื้องต้น Introduction to computer programming,4,,650,651,1,0.0,0.0,0.0,0.0,0.0,0.0,0.0,0.0,0.0,0.0,0.0,0.0,0.0
cosine_only,ann,565,566,การเขียนโปรแกรมภาษาปาสคาลเบื้องต้น,1,,650,651,1,1.0,0.009900990099009901,0.0196078431372549,1.0,0.6666666666666666,0.019801980198019802,0.038461538461538464,1.0,0.8,0.039603960396039604,0.07547169811320754,1.0,1.0
cosine_only,ann,704,705,คอมพิวเตอร์เบื้องต้น,4,,701,702,4,1.0,0.010526315789473684,0.020833333333333332,1.0,1.0,0.031578947368421054,0.061224489795918366,1.0,1.0,0.05263157894736842,0.1,1.0,1.0
cosine_only,ann,654,655,คัมภีร์ JSP,14,,234,235,4,0.0,0.0,0.0,0.0,0.0,0.0,0.0,0.0,0.4,0.06451612903225806,0.1111111111111111,1.0,0.25
cosine_only,ann,695,696,ระบบคอมพิวเตอร์และสถาปัตยกรรม,2,,696,697,2,1.0,0.02564102564102564,0.05,1.0,1.0,0.07692307692307693,0.14285714285714288,1.0,0.6,0.07692307692307693,0.13636363636363635,1.0,1.0
cosine_only,ann,285,286,คอมพิวเตอร์ภาษาชาวบ้าน,4,,704,705,4,1.0,0.010526315789473684,0.020833333333333332,1.0,1.0,0.031578947368421054,0.061224489795918366,1.0,0.8,0.042105263157894736,0.07999999999999999,1.0,1.0
cosine_only,ann,701,702,คอมพิวเตอร์เบื้องต้น Introduction to computers,4,,704,705,4,1.0,0.010526315789473684,0.020833333333333332,1.0,1.0,0.031578947368421054,0.061224489795918366,1.0,1.0,0.05263157894736842,0.1,1.0,1.0
cosine_only,ann,392,393,ทฤษฎีจำนวน (Number Theory),6,,393,394,6,1.0,0.02631578947368421,0.05128205128205127,1.0,1.0,0.07894736842105263,0.14634146341463414,1.0,0.8,0.10526315789473684,0.18604651162790697,1.0,1.0
cosine_only,ann,717,718,ไมโครโปรเซสเซอร์ ตระกูล INTEL ปฏิบัติการบนไมโครคอมพิวเตอร์,10,,707,708,2,0.0,0.0,0.0,0.0,0.3333333333333333,0.05555555555555555,0.09523809523809525,1.0,0.4,0.1111111111111111,0.1739130434782609,1.0,0.5
cosine_only,ann,706,707,คอมพิวเตอร์เบื้องต้นและเทคนิคการออกแบบโปรแกรม,1,,657,658,4,0.0,0.0,0.0,0.0,0.0,0.0,0.0,0.0,0.0,0.0,0.0,0.0,0.0
cosine_only,ann,459,460,สร้าง Responsive learning ด้วย Adobe Captivate 8,24,,229,230,17,0.0,0.0,0.0,0.0,0.0,0.0,0.0,0.0,0.2,0.09090909090909091,0.12500000000000003,1.0,0.2
cosine_only,ann,173,174,เรียนรู้หลักการData Science ด้วย Python,16,,169,170,16,1.0,0.0625,0.11764705882352941,1.0,1.0,0.1875,0.3157894736842105,1.0,1.0,0.3125,0.47619047619047616,1.0,1.0
cosine_only,ann,102,103,การสื่อสารข้อมูลและโครงข่าย : Data Communication and Networking,11,,98,99,11,1.0,0.02857142857142857,0.05555555555555556,1.0,1.0,0.08571428571428572,0.15789473684210528,1.0,0.8,0.11428571428571428,0.19999999999999998,1.0,1.0
cosine_only,ann,731,732,สัญญานและระบบSIGNAL AND SYSTEN,11,,395,396,1,0.0,0.0,0.0,0.0,0.0,0.0,0.0,0.0,0.0,0.0,0.0,0.0,0.0
cosine_only,ann,51,52,การเขียนโปรแกรมด้วย JAVA,7,,60,61,7,1.0,0.01639344262295082,0.03225806451612903,1.0,1.0,0.04918032786885246,0.09375,1.0,0.8,0.06557377049180328,0.12121212121212123,1.0,1.0
cosine_only,ann,583,584,เรียน AutoCAD พื้นฐานสำหรับการเขียนแบบ 2 มิติ Release 13,17,,289,290,17,1.0,0.06666666666666667,0.125,1.0,1.0,0.2,0.33333333333333337,1.0,1.0,0.3333333333333333,0.5,1.0,1.0
cosine_only,ann,505,506,คู่มือการใช้โปรแกรม Multimedia ToolBook 4.0 สำหรับ Windows,7,,499,500,7,1.0,0.01639344262295082,0.03225806451612903,1.0,0.3333333333333333,0.01639344262295082,0.03125,1.0,0.2,0.01639344262295082,0.030303030303030307,1.0,1.0
cosine_only,ann,527,528,คัมภีร์ Visual Basic 6.0 : สำหรับผู้เริ่มต้น,7,,526,527,7,1.0,0.01639344262295082,0.03225806451612903,1.0,0.6666666666666666,0.03278688524590164,0.0625,1.0,0.8,0.06557377049180328,0.12121212121212123,1.0,1.0
cosine_only,ann,252,253,ระบบปฏิบัติการOperating system,8,,66,67,8,1.0,0.024390243902439025,0.047619047619047616,1.0,1.0,0.07317073170731707,0.13636363636363635,1.0,0.8,0.0975609756097561,0.1739130434782609,1.0,1.0
cosine_only,ann,146,147,พัฒนา Web Application ด้วย JavaScript และ Node.js,14,,560,561,14,1.0,0.03225806451612903,0.0625,1.0,1.0,0.0967741935483871,0.17647058823529413,1.0,1.0,0.16129032258064516,0.27777777777777773,1.0,1.0
cosine_only,ann,248,249,Red Hat Linux ฉบับเพื่อการใช้งานจริง,8,,70,71,8,1.0,0.024390243902439025,0.047619047619047616,1.0,1.0,0.07317073170731707,0.13636363636363635,1.0,1.0,0.12195121951219512,0.21739130434782605,1.0,1.0
cosine_only,ann,599,600,โปรแกรมสำเร็จรูปและการประยุกต์ใช้งาน,1,,596,597,4,0.0,0.0,0.0,0.0,0.3333333333333333,0.009900990099009901,0.019230769230769232,1.0,0.4,0.019801980198019802,0.03773584905660377,1.0,0.3333333333333333
cosine_only,ann,416,417,การทดสอบสมมติฐานเกี่ยวกับค่าเฉลี่ย : วิเคราะห์ด้วยโปรแกรมไมโครซอฟท์เอกซ์เซล,23,,415,416,23,1.0,0.02857142857142857,0.05555555555555556,1.0,1.0,0.08571428571428572,0.15789473684210528,1.0,1.0,0.14285714285714285,0.25,1.0,1.0
cosine_only,ann,478,479,คอมพิวเตอร์ขนาดเล็กและการประยุกต์ใช้งาน,4,,679,680,4,1.0,0.010526315789473684,0.020833333333333332,1.0,0.6666666666666666,0.021052631578947368,0.04081632653061225,1.0,0.6,0.031578947368421054,0.060000000000000005,1.0,1.0
cosine_only,ann,384,385,พฤติกรรมการสอนคณิตศาสตร์ Mathematics Teaching Behaviors,6,,373,374,6,1.0,0.02631578947368421,0.05128205128205127,1.0,1.0,0.07894736842105263,0.14634146341463414,1.0,1.0,0.13157894736842105,0.23255813953488372,1.0,1.0
cosine_only,ann,236,237,Advance .NET Programming ฉบับมืออาชีพ,7,,537,538,12,0.0,0.0,0.0,0.0,0.3333333333333333,0.01639344262295082,0.03125,1.0,0.6,0.04918032786885246,0.09090909090909091,1.0,0.3333333333333333
cosine_only,ann,258,259,ปรับไบออสให้เครื่องเร็ว ง่าย...นิดเดียว,2,,649,650,4,0.0,0.0,0.0,0.0,0.3333333333333333,0.02564102564102564,0.047619047619047616,1.0,0.6,0.07692307692307693,0.13636363636363635,1.0,0.5
cosine_only,ann,19,20,การประมวลผลประสิทธิภาพสูง : สถาปัตยกรรมและกระบวนทัศน์การเขียนโปรแกรม,2,,17,18,2,1.0,0.02564102564102564,0.05,1.0,1.0,0.07692307692307693,0.14285714285714288,1.0,0.8,0.10256410256410256,0.18181818181818182,1.0,1.0
cosine_only,ann,398,399,รากฐานของคอปูลา,6,,393,394,6,1.0,0.02631578947368421,0.05128205128205127,1.0,0.3333333333333333,0.02631578947368421,0.048780487804878044,1.0,0.4,0.05263157894736842,0.09302325581395349,1.0,1.0
cosine_only,ann,223,224,Hacking & Security ก้าวสู่นักทดสอบและป้องกันการเจาะระบบ,21,,222,223,21,1.0,0.05555555555555555,0.10526315789473684,1.0,0.6666666666666666,0.1111111111111111,0.1904761904761905,1.0,0.4,0.1111111111111111,0.1739130434782609,1.0,1.0
cosine_only,ann,198,199,วิศวกรรมซอฟต์แวร์ เบื้องต้น,19,,199,200,19,1.0,0.07142857142857142,0.13333333333333333,1.0,1.0,0.21428571428571427,0.35294117647058826,1.0,0.8,0.2857142857142857,0.4210526315789473,1.0,1.0
cosine_only,ann,349,350,ระบบฐานข้อมูล Oracle Database 10 g,12,,120,121,12,1.0,0.022727272727272728,0.044444444444444446,1.0,1.0,0.06818181818181818,0.1276595744680851,1.0,1.0,0.11363636363636363,0.20408163265306123,1.0,1.0
cosine_only,ann,327,328,รอบรู้ประยุกต์ใช้ SQL server 2005,12,,114,115,12,1.0,0.022727272727272728,0.044444444444444446,1.0,1.0,0.06818181818181818,0.1276595744680851,1.0,1.0,0.11363636363636363,0.20408163265306123,1.0,1.0
cosine_only,ann,479,480,คอมพิวเตอร์เพื่องานอาชีพ,4,,213,214,4,1.0,0.010526315789473684,0.020833333333333332,1.0,0.6666666666666666,0.021052631578947368,0.04081632653061225,1.0,0.4,0.021052631578947368,0.039999999999999994,1.0,1.0
cosine_only,ann,433,434,เอกสารคำสอน วิชาวิธีการเชิงตัวเลข Numerical Computing,6,,432,433,6,1.0,0.02631578947368421,0.05128205128205127,1.0,0.6666666666666666,0.05263157894736842,0.09756097560975609,1.0,0.6,0.07894736842105263,0.1395348837209302,1.0,1.0
cosine_only,ann,622,623,การสร้างเว็บเพจ,14,,569,570,1,0.0,0.0,0.0,0.0,0.3333333333333333,0.03225806451612903,0.0588235294117647,1.0,0.2,0.03225806451612903,0.05555555555555555,1.0,0.3333333333333333
cosine_only,ann,185,186,พัฒนา โมไบล์แอปด้วย Flutter + Dart,18,,183,184,18,1.0,0.037037037037037035,0.07142857142857142,1.0,1.0,0.1111111111111111,0.19999999999999998,1.0,0.6,0.1111111111111111,0.18750000000000003,1.0,1.0
cosine_only,ann,175,176,เรียนรู้ Data Science ด้วยภาษา R,16,,123,124,12,0.0,0.0,0.0,0.0,0.3333333333333333,0.0625,0.10526315789473684,1.0,0.2,0.0625,0.09523809523809523,1.0,0.5
cosine_only,ann,474,475,คอมพิวเตอร์ฉบับภาคปฏิบัติ (สำหรับผู้เริ่มต้น),4,,701,702,4,1.0,0.010526315789473684,0.020833333333333332,1.0,1.0,0.031578947368421054,0.061224489795918366,1.0,1.0,0.05263157894736842,0.1,1.0,1.0
cosine_only,ann,2,3,การเขียนโปรแกรมด้วยภาษา C (Programming with C),1,,9,10,1,1.0,0.009900990099009901,0.0196078431372549,1.0,1.0,0.0297029702970297,0.05769230769230769,1.0,1.0,0.04950495049504951,0.09433962264150944,1.0,1.0
cosine_only,ann,14,15,คู่มือเขียนโปรแกรมด้วย ภาษา C ฉบับสมบูรณ์ (ปรับปรุงใหม่),1,,9,10,1,1.0,0.009900990099009901,0.0196078431372549,1.0,1.0,0.0297029702970297,0.05769230769230769,1.0,1.0,0.04950495049504951,0.09433962264150944,1.0,1.0
cosine_only,ann,475,476,การวิเคราะห์ระบบงานแบบโครงสร้าง (เทคนิคและวิธีการวิเคราะห์ระบบงานคอมพิวเตอร์),2,,404,405,22,0.0,0.0,0.0,0.0,0.0,0.0,0.0,0.0,0.0,0.0,0.0,0.0,0.0
cosine_only,ann,725,726,ภาษาแอสเซมบลีสำหรับ MCS-51,2,,673,674,1,0.0,0.0,0.0,0.0,0.0,0.0,0.0,0.0,0.2,0.02564102564102564,0.045454545454545456,1.0,0.2
cosine_only,ann,144,145,พัฒนา Web App แบบ Responsive ด้วย Bootstrap5 ร่วมกับ Vue.js และ Node.js,14,,146,147,14,1.0,0.03225806451612903,0.0625,1.0,1.0,0.0967741935483871,0.17647058823529413,1.0,1.0,0.16129032258064516,0.27777777777777773,1.0,1.0
cosine_only,ann,216,217,คู่มือใช้งาน PowerPoint 2019 PowerPoint 365 ฉบับมืออาชีพ,4,,646,647,4,1.0,0.010526315789473684,0.020833333333333332,1.0,1.0,0.031578947368421054,0.061224489795918366,1.0,0.8,0.042105263157894736,0.07999999999999999,1.0,1.0
cosine_only,ann,397,398,วิทยาการรหัสลับในระบบเทคโนโลยีสารสนเทศและโทรคมนาคม(Crvptographp in Information Technology and Communication Systems),21,,396,397,21,1.0,0.05555555555555555,0.10526315789473684,1.0,0.6666666666666666,0.1111111111111111,0.1904761904761905,1.0,0.6,0.16666666666666666,0.2608695652173913,1.0,1.0
cosine_only,ann,262,263,เปลี่ยนใจใช้แมค,4,,243,244,8,0.0,0.0,0.0,0.0,0.0,0.0,0.0,0.0,0.2,0.010526315789473684,0.019999999999999997,1.0,0.2
cosine_only,ann,728,729,คู่มือการเขียนโปรแกรมภาษา Java ฉบับสมบูรณ์,7,,655,656,7,1.0,0.01639344262295082,0.03225806451612903,1.0,1.0,0.04918032786885246,0.09375,1.0,1.0,0.08196721311475409,0.1515151515151515,1.0,1.0
cosine_only,ann,345,346,Access2007,12,,339,340,12,1.0,0.022727272727272728,0.044444444444444446,1.0,0.6666666666666666,0.045454545454545456,0.08510638297872342,1.0,0.8,0.09090909090909091,0.163265306122449,1.0,1.0
cosine_only,ann,439,440,เทอร์โมไดนามิกส์ สำหรับนักเทคโนโลยีวิศวการและวิศวกร,6,,478,479,4,0.0,0.0,0.0,0.0,0.3333333333333333,0.02631578947368421,0.048780487804878044,1.0,0.6,0.07894736842105263,0.1395348837209302,1.0,0.5
cosine_only,ann,579,580,คู่มือปฏิบัติตามกระบวนการมาตรฐานวิศวกรรมซอฟต์แวร์ ISO/IEC 29110,19,,199,200,19,1.0,0.07142857142857142,0.13333333333333333,1.0,1.0,0.21428571428571427,0.35294117647058826,1.0,1.0,0.35714285714285715,0.5263157894736842,1.0,1.0
cosine_only,ann,65,66,เขียนโปรแกรมเชิงวัตถุภาษา Java ฉบับสมบูรณ์,7,,60,61,7,1.0,0.01639344262295082,0.03225806451612903,1.0,1.0,0.04918032786885246,0.09375,1.0,1.0,0.08196721311475409,0.1515151515151515,1.0,1.0
cosine_only,ann,297,298,The new iPad ฉบับสมบูรณ์,4,,298,299,4,1.0,0.010526315789473684,0.020833333333333332,1.0,0.6666666666666666,0.021052631578947368,0.04081632653061225,1.0,0.6,0.031578947368421054,0.060000000000000005,1.0,1.0
cosine_only,ann,426,427,การวิเคราะห์สถิติหลายตัวแปรสำหรับงานวิจัย,23,,425,426,23,1.0,0.02857142857142857,0.05555555555555556,1.0,1.0,0.08571428571428572,0.15789473684210528,1.0,1.0,0.14285714285714285,0.25,1.0,1.0
cosine_only,ann,735,736,การประมวลสัญญาณเชิงเลขเบื้องต้น Basic Digital Signal Processing,5,,736,737,11,0.0,0.0,0.0,0.0,0.0,0.0,0.0,0.0,0.0,0.0,0.0,0.0,0.0
cosine_only,ann,283,284,การเขียนชุดคำสั่งภาษา C,1,,546,547,1,1.0,0.009900990099009901,0.0196078431372549,1.0,1.0,0.0297029702970297,0.05769230769230769,1.0,1.0,0.04950495049504951,0.09433962264150944,1.0,1.0
cosine_only,ann,495,496,การประยุกต์ใช้ระบบไคลเอ็นต์เซิร์ฟเวอร์,11,,688,689,8,0.0,0.0,0.0,0.0,0.0,0.0,0.0,0.0,0.0,0.0,0.0,0.0,0.0
cosine_only,ann,204,205,เรียนรู้ AI : Deep Learning ด้วย Python,20,,205,206,20,1.0,0.125,0.2222222222222222,1.0,1.0,0.375,0.5454545454545454,1.0,0.6,0.375,0.4615384615384615,1.0,1.0
cosine_only,ann,31,32,พื้นฐานการออกแบบ วงจรอิเล็กทรอนิกส์,3,,30,31,3,1.0,0.07692307692307693,0.14285714285714288,1.0,1.0,0.23076923076923078,0.375,1.0,0.8,0.3076923076923077,0.4444444444444444,1.0,1.0
cosine_only,ann,47,48,เทคนิคทำโคออร์ดิเนตคณิตท เรื่อง : ตรรกศาสตร์,6,,383,384,6,1.0,0.02631578947368421,0.05128205128205127,1.0,0.6666666666666666,0.05263157894736842,0.09756097560975609,1.0,0.6,0.07894736842105263,0.1395348837209302,1.0,1.0
cosine_only,ann,707,708,ไมโครโปรเซสเซอร์ หลักและการประยุกต์ใช้งาน,2,,717,718,10,0.0,0.0,0.0,0.0,0.0,0.0,0.0,0.0,0.2,0.02564102564102564,0.045454545454545456,1.0,0.2
cosine_only,ann,368,369,การประมวลแฟ้มข้อมูล FILE PROCESSING,9,,124,125,12,0.0,0.0,0.0,0.0,0.0,0.0,0.0,0.0,0.0,0.0,0.0,0.0,0.0
cosine_only,ann,117,118,พื้นฐานการจัดการฐานข้อมูล (รหัสวิชา 2128-2008),12,,351,352,12,1.0,0.022727272727272728,0.044444444444444446,1.0,1.0,0.06818181818181818,0.1276595744680851,1.0,0.8,0.09090909090909091,0.163265306122449,1.0,1.0
cosine_only,ann,159,160,Arduino Uno + ตัวอย่างงาน IoT,15,,88,89,10,0.0,0.0,0.0,0.0,0.0,0.0,0.0,0.0,0.0,0.0,0.0,0.0,0.0
cosine_only,ann,389,390,ทฤษฎีกราฟเบื้องต้น,9,,48,49,6,0.0,0.0,0.0,0.0,0.0,0.0,0.0,0.0,0.0,0.0,0.0,0.0,0.0
cosine_only,ann,379,380,การวิเคราะห์และออกแบบระบบสารสนเทศ Information systems : structured analysis & design,8,,134,135,13,0.0,0.0,0.0,0.0,0.0,0.0,0.0,0.0,0.0,0.0,0.0,0.0,0.0
cosine_only,ann,180,181,Maya 3D Special Effect,17,,181,182,17,1.0,0.06666666666666667,0.125,1.0,1.0,0.2,0.33333333333333337,1.0,0.8,0.26666666666666666,0.4,1.0,1.0
cosine_only,ann,639,640,การเขียนโปรแกรมภาษาปาสคาล Computer programming with Pascal,1,,565,566,1,1.0,0.009900990099009901,0.0196078431372549,1.0,1.0,0.0297029702970297,0.05769230769230769,1.0,0.8,0.039603960396039604,0.07547169811320754,1.0,1.0
cosine_only,ann,661,662,ถาม-ตอบ ปัญหาคอมพิวเตอร์ : ยกระดับมาตรฐานฝีมือช่างเทคนิคคอมพิวเตอร์มืออาชีพ,4,,476,477,4,1.0,0.010526315789473684,0.020833333333333332,1.0,1.0,0.031578947368421054,0.061224489795918366,1.0,0.8,0.042105263157894736,0.07999999999999999,1.0,1.0
cosine_only,ann,596,597,โปรแกรมสำเร็จรูปในงานอาชีพ,4,,599,600,1,0.0,0.0,0.0,0.0,0.0,0.0,0.0,0.0,0.4,0.021052631578947368,0.039999999999999994,1.0,0.25
cosine_only,ann,352,353,Oracle กับเทคโนโลยียอดนิยม,12,,347,348,12,1.0,0.022727272727272728,0.044444444444444446,1.0,1.0,0.06818181818181818,0.1276595744680851,1.0,1.0,0.11363636363636363,0.20408163265306123,1.0,1.0
hybrid_top1,ann,642,643,PC Entertainment เปิดโลกบันเทิงบนพีซีตัวเก่ง,24,4:0.994505,484,485,4,0.0,0.0,0.0,0.0,0.0,0.0,0.0,0.0,0.0,0.0,0.0,0.0,0.0
hybrid_top1,ann,77,78,คู่มือเรียนโครงสร้างข้อมูลและอัลกอริทึม (Data Structure and Algorithm) ฉบับสมบูรณ์ 2nd Edition,9,7:0.999447,55,56,7,0.0,0.0,0.0,0.0,0.0,0.0,0.0,0.0,0.0,0.0,0.0,0.0,0.0
hybrid_top1,ann,206,207,Fundamental of Deep Learning in Practice,20,20:0.667733,205,206,20,1.0,0.125,0.2222222222222222,1.0,1.0,0.375,0.5454545454545454,1.0,1.0,0.625,0.7692307692307693,1.0,1.0
hybrid_top1,ann,336,337,การออกแบบฐานข้อมูลเชิงสัมพันธ์(Relational Database Design),12,12:0.999990,115,116,12,1.0,0.022727272727272728,0.044444444444444446,1.0,1.0,0.06818181818181818,0.1276595744680851,1.0,1.0,0.11363636363636363,0.20408163265306123,1.0,1.0
hybrid_top1,ann,245,246,คู่มือ Windows server 2008 R2 ฉบับใช้งานจริง step by step,8,8:0.954200,246,247,8,1.0,0.024390243902439025,0.047619047619047616,1.0,1.0,0.07317073170731707,0.13636363636363635,1.0,1.0,0.12195121951219512,0.21739130434782605,1.0,1.0
hybrid_top1,ann,676,677,สร้างเว็บไซต์ด้วย HTML 5 ร่วมกับ CSS 3 และ jQuery,14,14:0.704478,620,621,14,1.0,0.03225806451612903,0.0625,1.0,1.0,0.0967741935483871,0.17647058823529413,1.0,1.0,0.16129032258064516,0.27777777777777773,1.0,1.0
hybrid_top1,ann,538,539,อินไซท์ Visual basic .NET,7,7:0.650989,531,532,7,1.0,0.01639344262295082,0.03225806451612903,1.0,1.0,0.04918032786885246,0.09375,1.0,1.0,0.08196721311475409,0.1515151515151515,1.0,1.0
hybrid_top1,ann,358,359,ระบบฐานข้อมูล DATABASE SYSTEMS,12,12:1.000000,126,127,12,1.0,0.022727272727272728,0.044444444444444446,1.0,1.0,0.06818181818181818,0.1276595744680851,1.0,1.0,0.11363636363636363,0.20408163265306123,1.0,1.0
hybrid_top1,ann,729,730,เขียนโปรแกรมเชิงวัตถุภาษา Java,7,7:0.999989,730,731,7,1.0,0.01639344262295082,0.03225806451612903,1.0,1.0,0.04918032786885246,0.09375,1.0,1.0,0.08196721311475409,0.1515151515151515,1.0,1.0
hybrid_top1,ann,187,188,พัฒนา Mobile App บนระบบandroid ด้วย Kotlin,18,18:0.999674,595,596,18,1.0,0.037037037037037035,0.07142857142857142,1.0,1.0,0.1111111111111111,0.19999999999999998,1.0,1.0,0.18518518518518517,0.3125,1.0,1.0
hybrid_top1,ann,94,95,เทคนิคการเชื่อมต่อ IoT บนแพลตฟอร์ม ไมโครคอนโทรลเลอร์ Arduino,10,10:0.998169,93,94,10,1.0,0.05555555555555555,0.10526315789473684,1.0,1.0,0.16666666666666666,0.2857142857142857,1.0,1.0,0.2777777777777778,0.4347826086956522,1.0,1.0
hybrid_top1,ann,301,302,คู่มือใช้งาน IPhone 4S IOS5 ฉบับสมบูรณ์,4,4:0.961927,299,300,4,1.0,0.010526315789473684,0.020833333333333332,1.0,1.0,0.031578947368421054,0.061224489795918366,1.0,1.0,0.05263157894736842,0.1,1.0,1.0
hybrid_top1,ann,33,34,เทคนิคดิจิตอล ภาคทฤษฎี,5,5:0.999901,35,36,5,1.0,0.125,0.2222222222222222,1.0,1.0,0.375,0.5454545454545454,1.0,1.0,0.625,0.7692307692307693,1.0,1.0
hybrid_top1,ann,440,441,การโปรแกรมเชิงเส้นเบื้องต้น Elementary Linear Programming,6,6:0.951745,433,434,6,1.0,0.02631578947368421,0.05128205128205127,1.0,1.0,0.07894736842105263,0.14634146341463414,1.0,1.0,0.13157894736842105,0.23255813953488372,1.0,1.0
hybrid_top1,ann,395,396,100 เรื่องต้องรู้ก่อนโตคอมพิวเตอร์และโค้ดดิ้ง,1,1:0.577146,638,639,1,1.0,0.009900990099009901,0.0196078431372549,1.0,1.0,0.0297029702970297,0.05769230769230769,1.0,1.0,0.04950495049504951,0.09433962264150944,1.0,1.0
hybrid_top1,ann,409,410,การวิเคราะห์ข้อมูลโดย SAS และ SPSS,23,23:0.999999,408,409,23,1.0,0.02857142857142857,0.05555555555555556,1.0,1.0,0.08571428571428572,0.15789473684210528,1.0,1.0,0.14285714285714285,0.25,1.0,1.0
hybrid_top1,ann,667,668,คัมภีร์ ภาษา C เหมาะสำหรับโปรเเกรมเมอร์ และ ผู้สนใจคอมพิวเตอร์,1,1:0.998189,671,672,1,1.0,0.009900990099009901,0.0196078431372549,1.0,1.0,0.0297029702970297,0.05769230769230769,1.0,1.0,0.04950495049504951,0.09433962264150944,1.0,1.0
hybrid_top1,ann,161,162,เทคนิคการเชื่อมต่อ IoT บนแพลตฟอร์ม ไมโครคอนโทรลเลอร์ Arduino,15,10:0.998169,94,95,10,0.0,0.0,0.0,0.0,0.0,0.0,0.0,0.0,0.0,0.0,0.0,0.0,0.0
hybrid_top1,ann,455,456,การวิเคราะห์การถดถอย,23,23:0.999983,451,452,23,1.0,0.02857142857142857,0.05555555555555556,1.0,1.0,0.08571428571428572,0.15789473684210528,1.0,1.0,0.14285714285714285,0.25,1.0,1.0
hybrid_top1,ann,410,411,มาตรฐานข้อมูล statXML,23,1:0.409394,4,5,1,0.0,0.0,0.0,0.0,0.0,0.0,0.0,0.0,0.0,0.0,0.0,0.0,0.0
hybrid_top1,ann,284,285,เทอร์โมโปรล็อกและระบบผู้เชี่ยวชาญ,2,13:0.831461,127,128,13,0.0,0.0,0.0,0.0,0.0,0.0,0.0,0.0,0.0,0.0,0.0,0.0,0.0
hybrid_top1,ann,733,734,สัญญาณและระบบ,11,11:0.999864,732,733,11,1.0,0.02857142857142857,0.05555555555555556,1.0,1.0,0.08571428571428572,0.15789473684210528,1.0,1.0,0.14285714285714285,0.25,1.0,1.0
hybrid_top1,ann,165,166,การทำเหมืองข้อมูล : Data Mining,16,16:0.999999,166,167,16,1.0,0.0625,0.11764705882352941,1.0,1.0,0.1875,0.3157894736842105,1.0,1.0,0.3125,0.47619047619047616,1.0,1.0
hybrid_top1,ann,496,497,แรกเริ่มเรียนรู้เรื่องการเขียนโปรแกรมด้วย Delphi เรียบเรียงจาก Delphi programming for Dummies,1,1:0.965252,670,671,1,1.0,0.009900990099009901,0.0196078431372549,1.0,1.0,0.0297029702970297,0.05769230769230769,1.0,1.0,0.04950495049504951,0.09433962264150944,1.0,1.0
hybrid_top1,ann,574,575,รวมสุดยอดโปรแกรมเล่นเน็ต,4,4:0.937111,572,573,4,1.0,0.010526315789473684,0.020833333333333332,1.0,1.0,0.031578947368421054,0.061224489795918366,1.0,1.0,0.05263157894736842,0.1,1.0,1.0
hybrid_top1,ann,556,557,กลเม็ดและเทคนิคในภาษา C/C+,1,1:0.999301,549,550,1,1.0,0.009900990099009901,0.0196078431372549,1.0,1.0,0.0297029702970297,0.05769230769230769,1.0,1.0,0.04950495049504951,0.09433962264150944,1.0,1.0
hybrid_top1,ann,666,667,การเขียนชุดคำสั่งภาษา C,1,1:0.999999,551,552,1,1.0,0.009900990099009901,0.0196078431372549,1.0,1.0,0.0297029702970297,0.05769230769230769,1.0,1.0,0.04950495049504951,0.09433962264150944,1.0,1.0
hybrid_top1,ann,628,629,DESIGN PATTERNS,7,7:0.965015,517,518,7,1.0,0.01639344262295082,0.03225806451612903,1.0,1.0,0.04918032786885246,0.09375,1.0,1.0,0.08196721311475409,0.1515151515151515,1.0,1.0
hybrid_top1,ann,380,381,จักรกลเสมือน หมายเลข1....VMware ESXi 4.0,8,1:0.747119,250,251,1,0.0,0.0,0.0,0.0,0.0,0.0,0.0,0.0,0.0,0.0,0.0,0.0,0.0
hybrid_top1,ann,134,135,ระบบสารสนเทศเพื่อการจัดการ,13,13:0.999996,132,133,13,1.0,0.1,0.18181818181818182,1.0,1.0,0.3,0.4615384615384615,1.0,1.0,0.5,0.6666666666666666,1.0,1.0
hybrid_top1,ann,341,342,คู่มือใช้งานAccess2010ฉบับสมบูรณ์,12,12:0.653576,345,346,12,1.0,0.022727272727272728,0.044444444444444446,1.0,1.0,0.06818181818181818,0.1276595744680851,1.0,1.0,0.11363636363636363,0.20408163265306123,1.0,1.0
hybrid_top1,ann,256,257,รวมสุดยอดเว็บไซต์ลีนุกซ์,8,8:0.851169,685,686,8,1.0,0.024390243902439025,0.047619047619047616,1.0,1.0,0.07317073170731707,0.13636363636363635,1.0,1.0,0.12195121951219512,0.21739130434782605,1.0,1.0
hybrid_top1,ann,476,477,ความรู้พื้นฐานทางคอมพิวเตอร์ Fundamental Computer Concept,4,4:0.990042,701,702,4,1.0,0.010526315789473684,0.020833333333333332,1.0,1.0,0.031578947368421054,0.061224489795918366,1.0,1.0,0.05263157894736842,0.1,1.0,1.0
hybrid_top1,ann,509,510,เอกสารคำสอน วิชา 357363 คอมพิวเตอร์ในชีวิตประจำวัน Computer in everyday life,4,4:0.999989,510,511,4,1.0,0.010526315789473684,0.020833333333333332,1.0,1.0,0.031578947368421054,0.061224489795918366,1.0,1.0,0.05263157894736842,0.1,1.0,1.0
hybrid_top1,ann,22,23,งานไฟฟ้าและอิเล็กทรอนิกส์เบื้องต้น,3,3:0.999986,21,22,3,1.0,0.07692307692307693,0.14285714285714288,1.0,1.0,0.23076923076923078,0.375,1.0,1.0,0.38461538461538464,0.5555555555555556,1.0,1.0
hybrid_top1,ann,228,229,การวิเคราะห์และออกแบบระบบSystems analysis and design,22,22:0.976226,401,402,22,1.0,0.09090909090909091,0.16666666666666669,1.0,1.0,0.2727272727272727,0.42857142857142855,1.0,1.0,0.45454545454545453,0.625,1.0,1.0
hybrid_top1,ann,201,202,วิศวกรรมซอฟต์แวร์:หลักการออกแบบพัฒ(@),19,19:0.269580,442,443,19,1.0,0.07142857142857142,0.13333333333333333,1.0,1.0,0.21428571428571427,0.35294117647058826,1.0,1.0,0.35714285714285715,0.5263157894736842,1.0,1.0
hybrid_top1,ann,249,250,คู่มือ Linux security,21,21:0.999981,226,227,21,1.0,0.05555555555555555,0.10526315789473684,1.0,1.0,0.16666666666666666,0.2857142857142857,1.0,1.0,0.2777777777777778,0.4347826086956522,1.0,1.0
hybrid_top1,ann,684,685,เรียนด้วยตนเอง ยูนิกซ์ แค่ปลายนิ้ว,8,8:0.980837,687,688,8,1.0,0.024390243902439025,0.047619047619047616,1.0,1.0,0.07317073170731707,0.13636363636363635,1.0,1.0,0.12195121951219512,0.21739130434782605,1.0,1.0
hybrid_top1,ann,677,678,Java : ฉบับพื้นฐาน,7,7:0.995521,630,631,7,1.0,0.01639344262295082,0.03225806451612903,1.0,1.0,0.04918032786885246,0.09375,1.0,1.0,0.08196721311475409,0.1515151515151515,1.0,1.0
hybrid_top1,ann,549,550,คู่มือการเขียนโปรแกรมภาษา C,1,1:1.000000,6,7,1,1.0,0.009900990099009901,0.0196078431372549,1.0,1.0,0.0297029702970297,0.05769230769230769,1.0,1.0,0.04950495049504951,0.09433962264150944,1.0,1.0
hybrid_top1,ann,526,527,คัมภีร์ Visual Basic 6.0 : สำหรับโปรแกรมเมอร์,7,1:0.988115,271,272,1,0.0,0.0,0.0,0.0,0.0,0.0,0.0,0.0,0.0,0.0,0.0,0.0,0.0
hybrid_top1,ann,730,731,เขียนโปรแกรมเชิงวัตถุภาษา Java OOP ฉบับสมบูรณ์,7,7:0.999987,729,730,7,1.0,0.01639344262295082,0.03225806451612903,1.0,1.0,0.04918032786885246,0.09375,1.0,1.0,0.08196721311475409,0.1515151515151515,1.0,1.0
hybrid_top1,ann,674,675,การเขียนโปรแกรมภาษา C++,1,1:0.999865,671,672,1,1.0,0.009900990099009901,0.0196078431372549,1.0,1.0,0.0297029702970297,0.05769230769230769,1.0,1.0,0.04950495049504951,0.09433962264150944,1.0,1.0
hybrid_top1,ann,515,516,คู่มือยูนิกซ์เดสก์ทอป Korn Shell,8,1:0.523630,585,586,1,0.0,0.0,0.0,0.0,0.0,0.0,0.0,0.0,0.0,0.0,0.0,0.0,0.0
hybrid_top1,ann,189,190,สร้าง Mobile App ข้ามแพลตฟอร์ม ด้วย PhoneGap,18,18:0.999785,191,192,18,1.0,0.037037037037037035,0.07142857142857142,1.0,1.0,0.1111111111111111,0.19999999999999998,1.0,1.0,0.18518518518518517,0.3125,1.0,1.0
hybrid_top1,ann,739,740,การสื่อสารข้อมูลและเครือข่าย,11,11:0.999997,746,747,11,1.0,0.02857142857142857,0.05555555555555556,1.0,1.0,0.08571428571428572,0.15789473684210528,1.0,1.0,0.14285714285714285,0.25,1.0,1.0
hybrid_top1,ann,124,125,ระบบฐานข้อมูล,12,12:0.999769,354,355,12,1.0,0.022727272727272728,0.044444444444444446,1.0,1.0,0.06818181818181818,0.1276595744680851,1.0,1.0,0.11363636363636363,0.20408163265306123,1.0,1.0
hybrid_top1,ann,659,660,ภาพประกอบความรู้เบื้องต้นเกี่ยวกับคอมพิวเตอร์,2,4:0.996670,701,702,4,0.0,0.0,0.0,0.0,0.0,0.0,0.0,0.0,0.0,0.0,0.0,0.0,0.0
hybrid_top1,ann,747,748,ก้าวทันโลก Internet,11,4:0.999902,656,657,4,0.0,0.0,0.0,0.0,0.0,0.0,0.0,0.0,0.0,0.0,0.0,0.0,0.0
hybrid_top1,ann,672,673,"การพัฒนา ระบบฐานข้อมูล ด้วยภาษาซี
 C DATA BASE DEVELOPMENT",1,1:0.978935,268,269,1,1.0,0.009900990099009901,0.0196078431372549,1.0,1.0,0.0297029702970297,0.05769230769230769,1.0,1.0,0.04950495049504951,0.09433962264150944,1.0,1.0
hybrid_top1,ann,663,664,การโปรแกรมภาษาเบสิก Basic programming,1,1:0.999747,483,484,1,1.0,0.009900990099009901,0.0196078431372549,1.0,1.0,0.0297029702970297,0.05769230769230769,1.0,1.0,0.04950495049504951,0.09433962264150944,1.0,1.0
hybrid_top1,ann,271,272,เรียนลัด Visual Basic6.0 สไตล์ Visual Guide,1,1:0.912531,267,268,1,1.0,0.009900990099009901,0.0196078431372549,1.0,1.0,0.0297029702970297,0.05769230769230769,1.0,1.0,0.04950495049504951,0.09433962264150944,1.0,1.0
hybrid_top1,ann,29,30,อิเล็กทรอนิกส์อุตสาหกรรม 1,3,3:0.821418,27,28,3,1.0,0.07692307692307693,0.14285714285714288,1.0,1.0,0.23076923076923078,0.375,1.0,1.0,0.38461538461538464,0.5555555555555556,1.0,1.0
hybrid_top1,ann,520,521,Object-oriented : analysis and design,7,19:0.600789,198,199,19,0.0,0.0,0.0,0.0,0.0,0.0,0.0,0.0,0.0,0.0,0.0,0.0,0.0
hybrid_top1,ann,436,437,Introduction to differential calculus and integration,6,6:0.999120,384,385,6,1.0,0.02631578947368421,0.05128205128205127,1.0,1.0,0.07894736842105263,0.14634146341463414,1.0,1.0,0.13157894736842105,0.23255813953488372,1.0,1.0
hybrid_top1,ann,609,610,จับตายวายร้ายโทรจัน,4,4:0.986626,605,606,4,1.0,0.010526315789473684,0.020833333333333332,1.0,1.0,0.031578947368421054,0.061224489795918366,1.0,1.0,0.05263157894736842,0.1,1.0,1.0
hybrid_top1,ann,724,725,กระบวนการแยกเชิงกลในอุตสาหกรรม,25,8:0.258640,252,253,8,0.0,0.0,0.0,0.0,0.0,0.0,0.0,0.0,0.0,0.0,0.0,0.0,0.0
hybrid_top1,ann,742,743,ก้าวสู่ระบบเครือข่าย ยุค2000,11,11:0.999999,112,113,11,1.0,0.02857142857142857,0.05555555555555556,1.0,1.0,0.08571428571428572,0.15789473684210528,1.0,1.0,0.14285714285714285,0.25,1.0,1.0
hybrid_top1,ann,421,422,การวิเคราะห์การถดถอย : แนวคิด วิธีการและการประยุกต์ใช้,23,23:0.999936,406,407,23,1.0,0.02857142857142857,0.05555555555555556,1.0,1.0,0.08571428571428572,0.15789473684210528,1.0,1.0,0.14285714285714285,0.25,1.0,1.0
hybrid_top1,ann,603,604,เอกสารประกอบการสอนรายวิชา 060213611 การโปรแกรมคอมพิวเตอร์ (Programming for computer game),1,7:0.846891,637,638,7,0.0,0.0,0.0,0.0,0.0,0.0,0.0,0.0,0.0,0.0,0.0,0.0,0.0
hybrid_top1,ann,447,448,การวิเคราะห์สถิติ : สถิติเพื่อการตัดสินใจ,23,23:0.999965,415,416,23,1.0,0.02857142857142857,0.05555555555555556,1.0,1.0,0.08571428571428572,0.15789473684210528,1.0,1.0,0.14285714285714285,0.25,1.0,1.0
hybrid_top1,ann,280,281,พัฒนา Mobile App ฉบับ Pro android,18,18:0.999382,192,193,18,1.0,0.037037037037037035,0.07142857142857142,1.0,1.0,0.1111111111111111,0.19999999999999998,1.0,1.0,0.18518518518518517,0.3125,1.0,1.0
hybrid_top1,ann,268,269,Advanced Visual Basic Version 6.0,1,1:0.987271,528,529,1,1.0,0.009900990099009901,0.0196078431372549,1.0,1.0,0.0297029702970297,0.05769230769230769,1.0,1.0,0.04950495049504951,0.09433962264150944,1.0,1.0
hybrid_top1,ann,399,400,การแจกแจงเชิงสถิติ Statistical Distributions,9,23:0.957102,415,416,23,0.0,0.0,0.0,0.0,0.0,0.0,0.0,0.0,0.0,0.0,0.0,0.0,0.0
hybrid_top1,ann,561,562,"BASIC LINGOMI
 DIRECTOR 6.0",17,4:0.983031,234,235,4,0.0,0.0,0.0,0.0,0.0,0.0,0.0,0.0,0.0,0.0,0.0,0.0,0.0
hybrid_top1,ann,1,2,อัลกอริทึมและ การเขียนโปรแกรมภาษา C,1,1:0.999545,669,670,1,1.0,0.009900990099009901,0.0196078431372549,1.0,1.0,0.0297029702970297,0.05769230769230769,1.0,1.0,0.04950495049504951,0.09433962264150944,1.0,1.0
hybrid_top1,ann,138,139,พัฒนา เว็บไซต์สมัยใหม่ด้วย HTML5 JavaScript + CSS3 ฉบับสมบูรณ์,14,14:0.998723,560,561,14,1.0,0.03225806451612903,0.0625,1.0,1.0,0.0967741935483871,0.17647058823529413,1.0,1.0,0.16129032258064516,0.27777777777777773,1.0,1.0
hybrid_top1,ann,68,69,ระบบปฏิบัติการ(OPERATING SYSTEMS),8,8:0.999942,625,626,8,1.0,0.024390243902439025,0.047619047619047616,1.0,1.0,0.07317073170731707,0.13636363636363635,1.0,1.0,0.12195121951219512,0.21739130434782605,1.0,1.0
hybrid_top1,ann,234,235,Authorware 7 เรียนรู้และประยุกต์ใช้งาน สไตล์ Workshop,4,4:0.272221,286,287,4,1.0,0.010526315789473684,0.020833333333333332,1.0,1.0,0.031578947368421054,0.061224489795918366,1.0,1.0,0.05263157894736842,0.1,1.0,1.0
hybrid_top1,ann,127,128,ระบบสารสนเทศเพื่อการจัดการ,13,13:0.999998,128,129,13,1.0,0.1,0.18181818181818182,1.0,1.0,0.3,0.4615384615384615,1.0,1.0,0.5,0.6666666666666666,1.0,1.0
hybrid_top1,ann,405,406,การวิเคราะห์และออกแบบระบบSystems analysis and design (ฉบับปรับปรุงเพิ่มเติม),22,22:0.985223,404,405,22,1.0,0.09090909090909091,0.16666666666666669,1.0,1.0,0.2727272727272727,0.42857142857142855,1.0,1.0,0.45454545454545453,0.625,1.0,1.0
hybrid_top1,ann,90,91,"คัมภีร์การใช้งาน C# : ควบคุม การทำงาน Microcontroller, PLC และ IoT",10,10:0.943245,93,94,10,1.0,0.05555555555555555,0.10526315789473684,1.0,1.0,0.16666666666666666,0.2857142857142857,1.0,1.0,0.2777777777777778,0.4347826086956522,1.0,1.0
hybrid_top1,ann,87,88,เรียนรู้ระบบฝังตัวด้วย Raspberry Pi,10,15:0.999962,154,155,15,0.0,0.0,0.0,0.0,0.0,0.0,0.0,0.0,0.0,0.0,0.0,0.0,0.0
hybrid_top1,ann,286,287,หนังสือเรียนคอมพิวเตอร์การใช้โปรแกรมไมโครซอฟต์แอกเซส 2003 (Microsoft office Access 2003),4,12:0.962813,117,118,12,0.0,0.0,0.0,0.0,0.0,0.0,0.0,0.0,0.0,0.0,0.0,0.0,0.0
hybrid_top1,ann,591,592,คู่มือพัฒนาโปรแกรมandroid ฉบับสร้างสื่อการสอน,18,18:0.993817,590,591,18,1.0,0.037037037037037035,0.07142857142857142,1.0,1.0,0.1111111111111111,0.19999999999999998,1.0,1.0,0.18518518518518517,0.3125,1.0,1.0
hybrid_top1,ann,702,703,คอมพิวเตอร์และเทคโนโลยีสารสนเทศสำหรับครู Computer and information technology for teachers,26,4:0.998901,212,213,4,0.0,0.0,0.0,0.0,0.0,0.0,0.0,0.0,0.0,0.0,0.0,0.0,0.0
hybrid_top1,ann,557,558,ภาษาและการโปรเเกรม C (ฉบับปรับปรุง),1,1:0.999996,666,667,1,1.0,0.009900990099009901,0.0196078431372549,1.0,1.0,0.0297029702970297,0.05769230769230769,1.0,1.0,0.04950495049504951,0.09433962264150944,1.0,1.0
hybrid_top1,ann,320,321,ความมั่นคงปลอดภัยของคอมพิวเตอร์,21,21:0.996092,317,318,21,1.0,0.05555555555555555,0.10526315789473684,1.0,1.0,0.16666666666666666,0.2857142857142857,1.0,1.0,0.2777777777777778,0.4347826086956522,1.0,1.0
hybrid_top1,ann,594,595,THE android BOOK ใช้ได้กับเวอร์ชัน 1.5 - 2.3คู่มือสมาร์ทโฟนแอนดรอยด์ฉบับสมบูรณ์ที่สุด,18,18:0.981288,589,590,18,1.0,0.037037037037037035,0.07142857142857142,1.0,1.0,0.1111111111111111,0.19999999999999998,1.0,1.0,0.18518518518518517,0.3125,1.0,1.0
hybrid_top1,ann,513,514,การเขียนโปรแกรมคอมพิวเตอร์เบื้องต้น Introduction to computer programming,4,1:0.999999,650,651,1,0.0,0.0,0.0,0.0,0.0,0.0,0.0,0.0,0.0,0.0,0.0,0.0,0.0
hybrid_top1,ann,565,566,การเขียนโปรแกรมภาษาปาสคาลเบื้องต้น,1,1:1.000000,650,651,1,1.0,0.009900990099009901,0.0196078431372549,1.0,1.0,0.0297029702970297,0.05769230769230769,1.0,1.0,0.04950495049504951,0.09433962264150944,1.0,1.0
hybrid_top1,ann,704,705,คอมพิวเตอร์เบื้องต้น,4,4:0.999397,701,702,4,1.0,0.010526315789473684,0.020833333333333332,1.0,1.0,0.031578947368421054,0.061224489795918366,1.0,1.0,0.05263157894736842,0.1,1.0,1.0
hybrid_top1,ann,654,655,คัมภีร์ JSP,14,1:0.862182,611,612,1,0.0,0.0,0.0,0.0,0.0,0.0,0.0,0.0,0.0,0.0,0.0,0.0,0.0
hybrid_top1,ann,695,696,ระบบคอมพิวเตอร์และสถาปัตยกรรม,2,2:0.997358,696,697,2,1.0,0.02564102564102564,0.05,1.0,1.0,0.07692307692307693,0.14285714285714288,1.0,1.0,0.1282051282051282,0.22727272727272727,1.0,1.0
hybrid_top1,ann,285,286,คอมพิวเตอร์ภาษาชาวบ้าน,4,4:0.988686,704,705,4,1.0,0.010526315789473684,0.020833333333333332,1.0,1.0,0.031578947368421054,0.061224489795918366,1.0,1.0,0.05263157894736842,0.1,1.0,1.0
hybrid_top1,ann,701,702,คอมพิวเตอร์เบื้องต้น Introduction to computers,4,4:0.999983,704,705,4,1.0,0.010526315789473684,0.020833333333333332,1.0,1.0,0.031578947368421054,0.061224489795918366,1.0,1.0,0.05263157894736842,0.1,1.0,1.0
hybrid_top1,ann,392,393,ทฤษฎีจำนวน (Number Theory),6,6:0.999305,393,394,6,1.0,0.02631578947368421,0.05128205128205127,1.0,1.0,0.07894736842105263,0.14634146341463414,1.0,1.0,0.13157894736842105,0.23255813953488372,1.0,1.0
hybrid_top1,ann,717,718,ไมโครโปรเซสเซอร์ ตระกูล INTEL ปฏิบัติการบนไมโครคอมพิวเตอร์,10,2:0.907936,707,708,2,0.0,0.0,0.0,0.0,0.0,0.0,0.0,0.0,0.0,0.0,0.0,0.0,0.0
hybrid_top1,ann,706,707,คอมพิวเตอร์เบื้องต้นและเทคนิคการออกแบบโปรแกรม,1,1:0.699485,483,484,1,1.0,0.009900990099009901,0.0196078431372549,1.0,1.0,0.0297029702970297,0.05769230769230769,1.0,1.0,0.04950495049504951,0.09433962264150944,1.0,1.0
hybrid_top1,ann,459,460,สร้าง Responsive learning ด้วย Adobe Captivate 8,24,4:0.542780,234,235,4,0.0,0.0,0.0,0.0,0.0,0.0,0.0,0.0,0.0,0.0,0.0,0.0,0.0
hybrid_top1,ann,173,174,เรียนรู้หลักการData Science ด้วย Python,16,16:0.999997,169,170,16,1.0,0.0625,0.11764705882352941,1.0,1.0,0.1875,0.3157894736842105,1.0,1.0,0.3125,0.47619047619047616,1.0,1.0
hybrid_top1,ann,102,103,การสื่อสารข้อมูลและโครงข่าย : Data Communication and Networking,11,11:0.993035,98,99,11,1.0,0.02857142857142857,0.05555555555555556,1.0,1.0,0.08571428571428572,0.15789473684210528,1.0,1.0,0.14285714285714285,0.25,1.0,1.0
hybrid_top1,ann,731,732,สัญญานและระบบSIGNAL AND SYSTEN,11,11:0.360050,733,734,11,1.0,0.02857142857142857,0.05555555555555556,1.0,1.0,0.08571428571428572,0.15789473684210528,1.0,1.0,0.14285714285714285,0.25,1.0,1.0
hybrid_top1,ann,51,52,การเขียนโปรแกรมด้วย JAVA,7,7:0.999743,60,61,7,1.0,0.01639344262295082,0.03225806451612903,1.0,1.0,0.04918032786885246,0.09375,1.0,1.0,0.08196721311475409,0.1515151515151515,1.0,1.0
hybrid_top1,ann,583,584,เรียน AutoCAD พื้นฐานสำหรับการเขียนแบบ 2 มิติ Release 13,17,17:0.999219,289,290,17,1.0,0.06666666666666667,0.125,1.0,1.0,0.2,0.33333333333333337,1.0,1.0,0.3333333333333333,0.5,1.0,1.0
hybrid_top1,ann,505,506,คู่มือการใช้โปรแกรม Multimedia ToolBook 4.0 สำหรับ Windows,7,1:0.518538,670,671,1,0.0,0.0,0.0,0.0,0.0,0.0,0.0,0.0,0.0,0.0,0.0,0.0,0.0
hybrid_top1,ann,527,528,คัมภีร์ Visual Basic 6.0 : สำหรับผู้เริ่มต้น,7,1:0.995744,271,272,1,0.0,0.0,0.0,0.0,0.0,0.0,0.0,0.0,0.0,0.0,0.0,0.0,0.0
hybrid_top1,ann,252,253,ระบบปฏิบัติการOperating system,8,8:0.999920,66,67,8,1.0,0.024390243902439025,0.047619047619047616,1.0,1.0,0.07317073170731707,0.13636363636363635,1.0,1.0,0.12195121951219512,0.21739130434782605,1.0,1.0
hybrid_top1,ann,146,147,พัฒนา Web Application ด้วย JavaScript และ Node.js,14,14:0.999406,560,561,14,1.0,0.03225806451612903,0.0625,1.0,1.0,0.0967741935483871,0.17647058823529413,1.0,1.0,0.16129032258064516,0.27777777777777773,1.0,1.0
hybrid_top1,ann,248,249,Red Hat Linux ฉบับเพื่อการใช้งานจริง,8,8:0.981897,70,71,8,1.0,0.024390243902439025,0.047619047619047616,1.0,1.0,0.07317073170731707,0.13636363636363635,1.0,1.0,0.12195121951219512,0.21739130434782605,1.0,1.0
hybrid_top1,ann,599,600,โปรแกรมสำเร็จรูปและการประยุกต์ใช้งาน,1,1:0.688582,465,466,1,1.0,0.009900990099009901,0.0196078431372549,1.0,1.0,0.0297029702970297,0.05769230769230769,1.0,1.0,0.04950495049504951,0.09433962264150944,1.0,1.0
hybrid_top1,ann,416,417,การทดสอบสมมติฐานเกี่ยวกับค่าเฉลี่ย : วิเคราะห์ด้วยโปรแกรมไมโครซอฟท์เอกซ์เซล,23,23:0.999999,415,416,23,1.0,0.02857142857142857,0.05555555555555556,1.0,1.0,0.08571428571428572,0.15789473684210528,1.0,1.0,0.14285714285714285,0.25,1.0,1.0
hybrid_top1,ann,478,479,คอมพิวเตอร์ขนาดเล็กและการประยุกต์ใช้งาน,4,4:0.520633,679,680,4,1.0,0.010526315789473684,0.020833333333333332,1.0,1.0,0.031578947368421054,0.061224489795918366,1.0,1.0,0.05263157894736842,0.1,1.0,1.0
hybrid_top1,ann,384,385,พฤติกรรมการสอนคณิตศาสตร์ Mathematics Teaching Behaviors,6,6:0.993051,373,374,6,1.0,0.02631578947368421,0.05128205128205127,1.0,1.0,0.07894736842105263,0.14634146341463414,1.0,1.0,0.13157894736842105,0.23255813953488372,1.0,1.0
hybrid_top1,ann,236,237,Advance .NET Programming ฉบับมืออาชีพ,7,1:0.728302,674,675,1,0.0,0.0,0.0,0.0,0.0,0.0,0.0,0.0,0.0,0.0,0.0,0.0,0.0
hybrid_top1,ann,258,259,ปรับไบออสให้เครื่องเร็ว ง่าย...นิดเดียว,2,4:0.996260,649,650,4,0.0,0.0,0.0,0.0,0.0,0.0,0.0,0.0,0.0,0.0,0.0,0.0,0.0
hybrid_top1,ann,19,20,การประมวลผลประสิทธิภาพสูง : สถาปัตยกรรมและกระบวนทัศน์การเขียนโปรแกรม,2,2:0.444181,17,18,2,1.0,0.02564102564102564,0.05,1.0,1.0,0.07692307692307693,0.14285714285714288,1.0,1.0,0.1282051282051282,0.22727272727272727,1.0,1.0
hybrid_top1,ann,398,399,รากฐานของคอปูลา,6,6:0.754655,393,394,6,1.0,0.02631578947368421,0.05128205128205127,1.0,1.0,0.07894736842105263,0.14634146341463414,1.0,1.0,0.13157894736842105,0.23255813953488372,1.0,1.0
hybrid_top1,ann,223,224,Hacking & Security ก้าวสู่นักทดสอบและป้องกันการเจาะระบบ,21,21:0.998596,222,223,21,1.0,0.05555555555555555,0.10526315789473684,1.0,1.0,0.16666666666666666,0.2857142857142857,1.0,1.0,0.2777777777777778,0.4347826086956522,1.0,1.0
hybrid_top1,ann,198,199,วิศวกรรมซอฟต์แวร์ เบื้องต้น,19,19:0.999608,199,200,19,1.0,0.07142857142857142,0.13333333333333333,1.0,1.0,0.21428571428571427,0.35294117647058826,1.0,1.0,0.35714285714285715,0.5263157894736842,1.0,1.0
hybrid_top1,ann,349,350,ระบบฐานข้อมูล Oracle Database 10 g,12,12:0.999982,120,121,12,1.0,0.022727272727272728,0.044444444444444446,1.0,1.0,0.06818181818181818,0.1276595744680851,1.0,1.0,0.11363636363636363,0.20408163265306123,1.0,1.0
hybrid_top1,ann,327,328,รอบรู้ประยุกต์ใช้ SQL server 2005,12,12:0.999967,114,115,12,1.0,0.022727272727272728,0.044444444444444446,1.0,1.0,0.06818181818181818,0.1276595744680851,1.0,1.0,0.11363636363636363,0.20408163265306123,1.0,1.0
hybrid_top1,ann,479,480,คอมพิวเตอร์เพื่องานอาชีพ,4,4:0.983232,213,214,4,1.0,0.010526315789473684,0.020833333333333332,1.0,1.0,0.031578947368421054,0.061224489795918366,1.0,1.0,0.05263157894736842,0.1,1.0,1.0
hybrid_top1,ann,433,434,เอกสารคำสอน วิชาวิธีการเชิงตัวเลข Numerical Computing,6,6:0.999998,432,433,6,1.0,0.02631578947368421,0.05128205128205127,1.0,1.0,0.07894736842105263,0.14634146341463414,1.0,1.0,0.13157894736842105,0.23255813953488372,1.0,1.0
hybrid_top1,ann,622,623,การสร้างเว็บเพจ,14,14:0.426477,652,653,14,1.0,0.03225806451612903,0.0625,1.0,1.0,0.0967741935483871,0.17647058823529413,1.0,1.0,0.16129032258064516,0.27777777777777773,1.0,1.0
hybrid_top1,ann,185,186,พัฒนา โมไบล์แอปด้วย Flutter + Dart,18,18:0.996239,183,184,18,1.0,0.037037037037037035,0.07142857142857142,1.0,1.0,0.1111111111111111,0.19999999999999998,1.0,1.0,0.18518518518518517,0.3125,1.0,1.0
hybrid_top1,ann,175,176,เรียนรู้ Data Science ด้วยภาษา R,16,16:0.827451,170,171,16,1.0,0.0625,0.11764705882352941,1.0,1.0,0.1875,0.3157894736842105,1.0,1.0,0.3125,0.47619047619047616,1.0,1.0
hybrid_top1,ann,474,475,คอมพิวเตอร์ฉบับภาคปฏิบัติ (สำหรับผู้เริ่มต้น),4,4:0.999988,701,702,4,1.0,0.010526315789473684,0.020833333333333332,1.0,1.0,0.031578947368421054,0.061224489795918366,1.0,1.0,0.05263157894736842,0.1,1.0,1.0
hybrid_top1,ann,2,3,การเขียนโปรแกรมด้วยภาษา C (Programming with C),1,1:1.000000,9,10,1,1.0,0.009900990099009901,0.0196078431372549,1.0,1.0,0.0297029702970297,0.05769230769230769,1.0,1.0,0.04950495049504951,0.09433962264150944,1.0,1.0
hybrid_top1,ann,14,15,คู่มือเขียนโปรแกรมด้วย ภาษา C ฉบับสมบูรณ์ (ปรับปรุงใหม่),1,1:0.999929,9,10,1,1.0,0.009900990099009901,0.0196078431372549,1.0,1.0,0.0297029702970297,0.05769230769230769,1.0,1.0,0.04950495049504951,0.09433962264150944,1.0,1.0
hybrid_top1,ann,475,476,การวิเคราะห์ระบบงานแบบโครงสร้าง (เทคนิคและวิธีการวิเคราะห์ระบบงานคอมพิวเตอร์),2,22:0.902032,404,405,22,0.0,0.0,0.0,0.0,0.0,0.0,0.0,0.0,0.0,0.0,0.0,0.0,0.0
hybrid_top1,ann,725,726,ภาษาแอสเซมบลีสำหรับ MCS-51,2,1:0.965891,673,674,1,0.0,0.0,0.0,0.0,0.0,0.0,0.0,0.0,0.0,0.0,0.0,0.0,0.0
hybrid_top1,ann,144,145,พัฒนา Web App แบบ Responsive ด้วย Bootstrap5 ร่วมกับ Vue.js และ Node.js,14,14:0.999240,146,147,14,1.0,0.03225806451612903,0.0625,1.0,1.0,0.0967741935483871,0.17647058823529413,1.0,1.0,0.16129032258064516,0.27777777777777773,1.0,1.0
hybrid_top1,ann,216,217,คู่มือใช้งาน PowerPoint 2019 PowerPoint 365 ฉบับมืออาชีพ,4,4:0.999285,646,647,4,1.0,0.010526315789473684,0.020833333333333332,1.0,1.0,0.031578947368421054,0.061224489795918366,1.0,1.0,0.05263157894736842,0.1,1.0,1.0
hybrid_top1,ann,397,398,วิทยาการรหัสลับในระบบเทคโนโลยีสารสนเทศและโทรคมนาคม(Crvptographp in Information Technology and Communication Systems),21,21:0.974159,396,397,21,1.0,0.05555555555555555,0.10526315789473684,1.0,1.0,0.16666666666666666,0.2857142857142857,1.0,1.0,0.2777777777777778,0.4347826086956522,1.0,1.0
hybrid_top1,ann,262,263,เปลี่ยนใจใช้แมค,4,8:0.994424,243,244,8,0.0,0.0,0.0,0.0,0.0,0.0,0.0,0.0,0.0,0.0,0.0,0.0,0.0
hybrid_top1,ann,728,729,คู่มือการเขียนโปรแกรมภาษา Java ฉบับสมบูรณ์,7,7:0.999999,655,656,7,1.0,0.01639344262295082,0.03225806451612903,1.0,1.0,0.04918032786885246,0.09375,1.0,1.0,0.08196721311475409,0.1515151515151515,1.0,1.0
hybrid_top1,ann,345,346,Access2007,12,12:0.998125,339,340,12,1.0,0.022727272727272728,0.044444444444444446,1.0,1.0,0.06818181818181818,0.1276595744680851,1.0,1.0,0.11363636363636363,0.20408163265306123,1.0,1.0
hybrid_top1,ann,439,440,เทอร์โมไดนามิกส์ สำหรับนักเทคโนโลยีวิศวการและวิศวกร,6,6:0.221648,373,374,6,1.0,0.02631578947368421,0.05128205128205127,1.0,1.0,0.07894736842105263,0.14634146341463414,1.0,1.0,0.13157894736842105,0.23255813953488372,1.0,1.0
hybrid_top1,ann,579,580,คู่มือปฏิบัติตามกระบวนการมาตรฐานวิศวกรรมซอฟต์แวร์ ISO/IEC 29110,19,19:0.589602,199,200,19,1.0,0.07142857142857142,0.13333333333333333,1.0,1.0,0.21428571428571427,0.35294117647058826,1.0,1.0,0.35714285714285715,0.5263157894736842,1.0,1.0
hybrid_top1,ann,65,66,เขียนโปรแกรมเชิงวัตถุภาษา Java ฉบับสมบูรณ์,7,7:1.000000,60,61,7,1.0,0.01639344262295082,0.03225806451612903,1.0,1.0,0.04918032786885246,0.09375,1.0,1.0,0.08196721311475409,0.1515151515151515,1.0,1.0
hybrid_top1,ann,297,298,The new iPad ฉบับสมบูรณ์,4,4:0.999850,298,299,4,1.0,0.010526315789473684,0.020833333333333332,1.0,1.0,0.031578947368421054,0.061224489795918366,1.0,1.0,0.05263157894736842,0.1,1.0,1.0
hybrid_top1,ann,426,427,การวิเคราะห์สถิติหลายตัวแปรสำหรับงานวิจัย,23,23:0.999933,425,426,23,1.0,0.02857142857142857,0.05555555555555556,1.0,1.0,0.08571428571428572,0.15789473684210528,1.0,1.0,0.14285714285714285,0.25,1.0,1.0
hybrid_top1,ann,735,736,การประมวลสัญญาณเชิงเลขเบื้องต้น Basic Digital Signal Processing,5,11:0.987026,736,737,11,0.0,0.0,0.0,0.0,0.0,0.0,0.0,0.0,0.0,0.0,0.0,0.0,0.0
hybrid_top1,ann,283,284,การเขียนชุดคำสั่งภาษา C,1,1:0.999977,546,547,1,1.0,0.009900990099009901,0.0196078431372549,1.0,1.0,0.0297029702970297,0.05769230769230769,1.0,1.0,0.04950495049504951,0.09433962264150944,1.0,1.0
hybrid_top1,ann,495,496,การประยุกต์ใช้ระบบไคลเอ็นต์เซิร์ฟเวอร์,11,11:0.729849,103,104,11,1.0,0.02857142857142857,0.05555555555555556,1.0,1.0,0.08571428571428572,0.15789473684210528,1.0,1.0,0.14285714285714285,0.25,1.0,1.0
hybrid_top1,ann,204,205,เรียนรู้ AI : Deep Learning ด้วย Python,20,20:0.937321,205,206,20,1.0,0.125,0.2222222222222222,1.0,1.0,0.375,0.5454545454545454,1.0,1.0,0.625,0.7692307692307693,1.0,1.0
hybrid_top1,ann,31,32,พื้นฐานการออกแบบ วงจรอิเล็กทรอนิกส์,3,3:0.896742,30,31,3,1.0,0.07692307692307693,0.14285714285714288,1.0,1.0,0.23076923076923078,0.375,1.0,1.0,0.38461538461538464,0.5555555555555556,1.0,1.0
hybrid_top1,ann,47,48,เทคนิคทำโคออร์ดิเนตคณิตท เรื่อง : ตรรกศาสตร์,6,6:0.798066,383,384,6,1.0,0.02631578947368421,0.05128205128205127,1.0,1.0,0.07894736842105263,0.14634146341463414,1.0,1.0,0.13157894736842105,0.23255813953488372,1.0,1.0
hybrid_top1,ann,707,708,ไมโครโปรเซสเซอร์ หลักและการประยุกต์ใช้งาน,2,10:0.700194,717,718,10,0.0,0.0,0.0,0.0,0.0,0.0,0.0,0.0,0.0,0.0,0.0,0.0,0.0
hybrid_top1,ann,368,369,การประมวลแฟ้มข้อมูล FILE PROCESSING,9,1:0.981324,674,675,1,0.0,0.0,0.0,0.0,0.0,0.0,0.0,0.0,0.0,0.0,0.0,0.0,0.0
hybrid_top1,ann,117,118,พื้นฐานการจัดการฐานข้อมูล (รหัสวิชา 2128-2008),12,12:0.998398,351,352,12,1.0,0.022727272727272728,0.044444444444444446,1.0,1.0,0.06818181818181818,0.1276595744680851,1.0,1.0,0.11363636363636363,0.20408163265306123,1.0,1.0
hybrid_top1,ann,159,160,Arduino Uno + ตัวอย่างงาน IoT,15,10:0.999999,88,89,10,0.0,0.0,0.0,0.0,0.0,0.0,0.0,0.0,0.0,0.0,0.0,0.0,0.0
hybrid_top1,ann,389,390,ทฤษฎีกราฟเบื้องต้น,9,6:0.999995,48,49,6,0.0,0.0,0.0,0.0,0.0,0.0,0.0,0.0,0.0,0.0,0.0,0.0,0.0
hybrid_top1,ann,379,380,การวิเคราะห์และออกแบบระบบสารสนเทศ Information systems : structured analysis & design,8,22:0.721513,405,406,22,0.0,0.0,0.0,0.0,0.0,0.0,0.0,0.0,0.0,0.0,0.0,0.0,0.0
hybrid_top1,ann,180,181,Maya 3D Special Effect,17,17:0.999955,181,182,17,1.0,0.06666666666666667,0.125,1.0,1.0,0.2,0.33333333333333337,1.0,1.0,0.3333333333333333,0.5,1.0,1.0
hybrid_top1,ann,639,640,การเขียนโปรแกรมภาษาปาสคาล Computer programming with Pascal,1,1:0.999812,565,566,1,1.0,0.009900990099009901,0.0196078431372549,1.0,1.0,0.0297029702970297,0.05769230769230769,1.0,1.0,0.04950495049504951,0.09433962264150944,1.0,1.0
hybrid_top1,ann,661,662,ถาม-ตอบ ปัญหาคอมพิวเตอร์ : ยกระดับมาตรฐานฝีมือช่างเทคนิคคอมพิวเตอร์มืออาชีพ,4,4:0.999296,476,477,4,1.0,0.010526315789473684,0.020833333333333332,1.0,1.0,0.031578947368421054,0.061224489795918366,1.0,1.0,0.05263157894736842,0.1,1.0,1.0
hybrid_top1,ann,596,597,โปรแกรมสำเร็จรูปในงานอาชีพ,4,1:0.583695,599,600,1,0.0,0.0,0.0,0.0,0.0,0.0,0.0,0.0,0.0,0.0,0.0,0.0,0.0
hybrid_top1,ann,352,353,Oracle กับเทคโนโลยียอดนิยม,12,12:0.996764,347,348,12,1.0,0.022727272727272728,0.044444444444444446,1.0,1.0,0.06818181818181818,0.1276595744680851,1.0,1.0,0.11363636363636363,0.20408163265306123,1.0,1.0
hybrid_top2,ann,642,643,PC Entertainment เปิดโลกบันเทิงบนพีซีตัวเก่ง,24,4:0.994505|21:0.002014,484,485,4,0.0,0.0,0.0,0.0,0.0,0.0,0.0,0.0,0.0,0.0,0.0,0.0,0.0
hybrid_top2,ann,77,78,คู่มือเรียนโครงสร้างข้อมูลและอัลกอริทึม (Data Structure and Algorithm) ฉบับสมบูรณ์ 2nd Edition,9,7:0.999447|1:0.000526,55,56,7,0.0,0.0,0.0,0.0,0.0,0.0,0.0,0.0,0.0,0.0,0.0,0.0,0.0
hybrid_top2,ann,206,207,Fundamental of Deep Learning in Practice,20,20:0.667733|16:0.321012,205,206,20,1.0,0.125,0.2222222222222222,1.0,1.0,0.375,0.5454545454545454,1.0,0.8,0.5,0.6153846153846154,1.0,1.0
hybrid_top2,ann,336,337,การออกแบบฐานข้อมูลเชิงสัมพันธ์(Relational Database Design),12,12:0.999990|1:0.000003,115,116,12,1.0,0.022727272727272728,0.044444444444444446,1.0,1.0,0.06818181818181818,0.1276595744680851,1.0,1.0,0.11363636363636363,0.20408163265306123,1.0,1.0
hybrid_top2,ann,245,246,คู่มือ Windows server 2008 R2 ฉบับใช้งานจริง step by step,8,8:0.954200|11:0.044061,246,247,8,1.0,0.024390243902439025,0.047619047619047616,1.0,0.6666666666666666,0.04878048780487805,0.0909090909090909,1.0,0.4,0.04878048780487805,0.08695652173913045,1.0,1.0
hybrid_top2,ann,676,677,สร้างเว็บไซต์ด้วย HTML 5 ร่วมกับ CSS 3 และ jQuery,14,14:0.704478|17:0.186676,177,178,17,0.0,0.0,0.0,0.0,0.6666666666666666,0.06451612903225806,0.1176470588235294,1.0,0.8,0.12903225806451613,0.2222222222222222,1.0,0.5
hybrid_top2,ann,538,539,อินไซท์ Visual basic .NET,7,7:0.650989|1:0.347939,531,532,7,1.0,0.01639344262295082,0.03225806451612903,1.0,0.6666666666666666,0.03278688524590164,0.0625,1.0,0.6,0.04918032786885246,0.09090909090909091,1.0,1.0
hybrid_top2,ann,358,359,ระบบฐานข้อมูล DATABASE SYSTEMS,12,12:1.000000|22:0.000000,126,127,12,1.0,0.022727272727272728,0.044444444444444446,1.0,1.0,0.06818181818181818,0.1276595744680851,1.0,1.0,0.11363636363636363,0.20408163265306123,1.0,1.0
hybrid_top2,ann,729,730,เขียนโปรแกรมเชิงวัตถุภาษา Java,7,7:0.999989|1:0.000011,730,731,7,1.0,0.01639344262295082,0.03225806451612903,1.0,1.0,0.04918032786885246,0.09375,1.0,1.0,0.08196721311475409,0.1515151515151515,1.0,1.0
hybrid_top2,ann,187,188,พัฒนา Mobile App บนระบบandroid ด้วย Kotlin,18,18:0.999674|1:0.000231,595,596,18,1.0,0.037037037037037035,0.07142857142857142,1.0,1.0,0.1111111111111111,0.19999999999999998,1.0,1.0,0.18518518518518517,0.3125,1.0,1.0
hybrid_top2,ann,94,95,เทคนิคการเชื่อมต่อ IoT บนแพลตฟอร์ม ไมโครคอนโทรลเลอร์ Arduino,10,10:0.998169|15:0.001812,161,162,15,0.0,0.0,0.0,0.0,0.6666666666666666,0.1111111111111111,0.1904761904761905,1.0,0.6,0.16666666666666666,0.2608695652173913,1.0,0.5
hybrid_top2,ann,301,302,คู่มือใช้งาน IPhone 4S IOS5 ฉบับสมบูรณ์,4,4:0.961927|18:0.020305,597,598,18,0.0,0.0,0.0,0.0,0.0,0.0,0.0,0.0,0.4,0.021052631578947368,0.039999999999999994,1.0,0.25
hybrid_top2,ann,33,34,เทคนิคดิจิตอล ภาคทฤษฎี,5,5:0.999901|9:0.000027,35,36,5,1.0,0.125,0.2222222222222222,1.0,0.6666666666666666,0.25,0.36363636363636365,1.0,0.8,0.5,0.6153846153846154,1.0,1.0
hybrid_top2,ann,440,441,การโปรแกรมเชิงเส้นเบื้องต้น Elementary Linear Programming,6,6:0.951745|1:0.021493,433,434,6,1.0,0.02631578947368421,0.05128205128205127,1.0,1.0,0.07894736842105263,0.14634146341463414,1.0,0.8,0.10526315789473684,0.18604651162790697,1.0,1.0
hybrid_top2,ann,395,396,100 เรื่องต้องรู้ก่อนโตคอมพิวเตอร์และโค้ดดิ้ง,1,1:0.577146|4:0.225634,701,702,4,0.0,0.0,0.0,0.0,0.0,0.0,0.0,0.0,0.0,0.0,0.0,0.0,0.0
hybrid_top2,ann,409,410,การวิเคราะห์ข้อมูลโดย SAS และ SPSS,23,23:0.999999|17:0.000001,408,409,23,1.0,0.02857142857142857,0.05555555555555556,1.0,1.0,0.08571428571428572,0.15789473684210528,1.0,1.0,0.14285714285714285,0.25,1.0,1.0
hybrid_top2,ann,667,668,คัมภีร์ ภาษา C เหมาะสำหรับโปรเเกรมเมอร์ และ ผู้สนใจคอมพิวเตอร์,1,1:0.998189|7:0.001444,671,672,1,1.0,0.009900990099009901,0.0196078431372549,1.0,1.0,0.0297029702970297,0.05769230769230769,1.0,1.0,0.04950495049504951,0.09433962264150944,1.0,1.0
hybrid_top2,ann,161,162,เทคนิคการเชื่อมต่อ IoT บนแพลตฟอร์ม ไมโครคอนโทรลเลอร์ Arduino,15,10:0.998169|15:0.001812,94,95,10,0.0,0.0,0.0,0.0,0.0,0.0,0.0,0.0,0.2,0.1,0.13333333333333333,1.0,0.25
hybrid_top2,ann,455,456,การวิเคราะห์การถดถอย,23,23:0.999983|17:0.000015,451,452,23,1.0,0.02857142857142857,0.05555555555555556,1.0,1.0,0.08571428571428572,0.15789473684210528,1.0,1.0,0.14285714285714285,0.25,1.0,1.0
hybrid_top2,ann,410,411,มาตรฐานข้อมูล statXML,23,1:0.409394|4:0.355380,4,5,1,0.0,0.0,0.0,0.0,0.0,0.0,0.0,0.0,0.0,0.0,0.0,0.0,0.0
hybrid_top2,ann,284,285,เทอร์โมโปรล็อกและระบบผู้เชี่ยวชาญ,2,13:0.831461|1:0.108867,127,128,13,0.0,0.0,0.0,0.0,0.0,0.0,0.0,0.0,0.0,0.0,0.0,0.0,0.0
hybrid_top2,ann,733,734,สัญญาณและระบบ,11,11:0.999864|22:0.000091,732,733,11,1.0,0.02857142857142857,0.05555555555555556,1.0,1.0,0.08571428571428572,0.15789473684210528,1.0,0.8,0.11428571428571428,0.19999999999999998,1.0,1.0
hybrid_top2,ann,165,166,การทำเหมืองข้อมูล : Data Mining,16,16:0.999999|15:0.000001,166,167,16,1.0,0.0625,0.11764705882352941,1.0,1.0,0.1875,0.3157894736842105,1.0,1.0,0.3125,0.47619047619047616,1.0,1.0
hybrid_top2,ann,496,497,แรกเริ่มเรียนรู้เรื่องการเขียนโปรแกรมด้วย Delphi เรียบเรียงจาก Delphi programming for Dummies,1,1:0.965252|7:0.022282,670,671,1,1.0,0.009900990099009901,0.0196078431372549,1.0,0.6666666666666666,0.019801980198019802,0.038461538461538464,1.0,0.6,0.0297029702970297,0.056603773584905655,1.0,1.0
hybrid_top2,ann,574,575,รวมสุดยอดโปรแกรมเล่นเน็ต,4,4:0.937111|1:0.061837,469,470,1,0.0,0.0,0.0,0.0,0.3333333333333333,0.010526315789473684,0.020408163265306124,1.0,0.4,0.021052631578947368,0.039999999999999994,1.0,0.3333333333333333
hybrid_top2,ann,556,557,กลเม็ดและเทคนิคในภาษา C/C+,1,1:0.999301|7:0.000692,549,550,1,1.0,0.009900990099009901,0.0196078431372549,1.0,1.0,0.0297029702970297,0.05769230769230769,1.0,1.0,0.04950495049504951,0.09433962264150944,1.0,1.0
hybrid_top2,ann,666,667,การเขียนชุดคำสั่งภาษา C,1,1:0.999999|13:0.000000,551,552,1,1.0,0.009900990099009901,0.0196078431372549,1.0,1.0,0.0297029702970297,0.05769230769230769,1.0,1.0,0.04950495049504951,0.09433962264150944,1.0,1.0
hybrid_top2,ann,628,629,DESIGN PATTERNS,7,7:0.965015|1:0.025130,517,518,7,1.0,0.01639344262295082,0.03225806451612903,1.0,1.0,0.04918032786885246,0.09375,1.0,1.0,0.08196721311475409,0.1515151515151515,1.0,1.0
hybrid_top2,ann,380,381,จักรกลเสมือน หมายเลข1....VMware ESXi 4.0,8,1:0.747119|8:0.224606,250,251,1,0.0,0.0,0.0,0.0,0.6666666666666666,0.04878048780487805,0.0909090909090909,1.0,0.6,0.07317073170731707,0.13043478260869565,1.0,0.5
hybrid_top2,ann,134,135,ระบบสารสนเทศเพื่อการจัดการ,13,13:0.999996|1:0.000003,132,133,13,1.0,0.1,0.18181818181818182,1.0,1.0,0.3,0.4615384615384615,1.0,1.0,0.5,0.6666666666666666,1.0,1.0
hybrid_top2,ann,341,342,คู่มือใช้งานAccess2010ฉบับสมบูรณ์,12,12:0.653576|4:0.294515,345,346,12,1.0,0.022727272727272728,0.044444444444444446,1.0,1.0,0.06818181818181818,0.1276595744680851,1.0,1.0,0.11363636363636363,0.20408163265306123,1.0,1.0
hybrid_top2,ann,256,257,รวมสุดยอดเว็บไซต์ลีนุกซ์,8,8:0.851169|1:0.121685,685,686,8,1.0,0.024390243902439025,0.047619047619047616,1.0,0.6666666666666666,0.04878048780487805,0.0909090909090909,1.0,0.8,0.0975609756097561,0.1739130434782609,1.0,1.0
hybrid_top2,ann,476,477,ความรู้พื้นฐานทางคอมพิวเตอร์ Fundamental Computer Concept,4,4:0.990042|1:0.006011,701,702,4,1.0,0.010526315789473684,0.020833333333333332,1.0,1.0,0.031578947368421054,0.061224489795918366,1.0,1.0,0.05263157894736842,0.1,1.0,1.0
hybrid_top2,ann,509,510,เอกสารคำสอน วิชา 357363 คอมพิวเตอร์ในชีวิตประจำวัน Computer in everyday life,4,4:0.999989|1:0.000006,510,511,4,1.0,0.010526315789473684,0.020833333333333332,1.0,1.0,0.031578947368421054,0.061224489795918366,1.0,0.8,0.042105263157894736,0.07999999999999999,1.0,1.0
hybrid_top2,ann,22,23,งานไฟฟ้าและอิเล็กทรอนิกส์เบื้องต้น,3,3:0.999986|8:0.000010,21,22,3,1.0,0.07692307692307693,0.14285714285714288,1.0,1.0,0.23076923076923078,0.375,1.0,1.0,0.38461538461538464,0.5555555555555556,1.0,1.0
hybrid_top2,ann,228,229,การวิเคราะห์และออกแบบระบบSystems analysis and design,22,22:0.976226|21:0.010261,401,402,22,1.0,0.09090909090909091,0.16666666666666669,1.0,1.0,0.2727272727272727,0.42857142857142855,1.0,1.0,0.45454545454545453,0.625,1.0,1.0
hybrid_top2,ann,201,202,วิศวกรรมซอฟต์แวร์:หลักการออกแบบพัฒ(@),19,19:0.269580|1:0.261403,442,443,19,1.0,0.07142857142857142,0.13333333333333333,1.0,0.6666666666666666,0.14285714285714285,0.23529411764705882,1.0,0.6,0.21428571428571427,0.3157894736842105,1.0,1.0
hybrid_top2,ann,249,250,คู่มือ Linux security,21,21:0.999981|4:0.000009,226,227,21,1.0,0.05555555555555555,0.10526315789473684,1.0,0.6666666666666666,0.1111111111111111,0.1904761904761905,1.0,0.6,0.16666666666666666,0.2608695652173913,1.0,1.0
hybrid_top2,ann,684,685,เรียนด้วยตนเอง ยูนิกซ์ แค่ปลายนิ้ว,8,8:0.980837|1:0.017816,687,688,8,1.0,0.024390243902439025,0.047619047619047616,1.0,0.6666666666666666,0.04878048780487805,0.0909090909090909,1.0,0.8,0.0975609756097561,0.1739130434782609,1.0,1.0
hybrid_top2,ann,677,678,Java : ฉบับพื้นฐาน,7,7:0.995521|1:0.004475,630,631,7,1.0,0.01639344262295082,0.03225806451612903,1.0,0.6666666666666666,0.03278688524590164,0.0625,1.0,0.8,0.06557377049180328,0.12121212121212123,1.0,1.0
hybrid_top2,ann,549,550,คู่มือการเขียนโปรแกรมภาษา C,1,1:1.000000|8:0.000000,6,7,1,1.0,0.009900990099009901,0.0196078431372549,1.0,1.0,0.0297029702970297,0.05769230769230769,1.0,1.0,0.04950495049504951,0.09433962264150944,1.0,1.0
hybrid_top2,ann,526,527,คัมภีร์ Visual Basic 6.0 : สำหรับโปรแกรมเมอร์,7,1:0.988115|7:0.011825,527,528,7,1.0,0.01639344262295082,0.03225806451612903,1.0,0.6666666666666666,0.03278688524590164,0.0625,1.0,0.8,0.06557377049180328,0.12121212121212123,1.0,1.0
hybrid_top2,ann,730,731,เขียนโปรแกรมเชิงวัตถุภาษา Java OOP ฉบับสมบูรณ์,7,7:0.999987|1:0.000013,729,730,7,1.0,0.01639344262295082,0.03225806451612903,1.0,1.0,0.04918032786885246,0.09375,1.0,1.0,0.08196721311475409,0.1515151515151515,1.0,1.0
hybrid_top2,ann,674,675,การเขียนโปรแกรมภาษา C++,1,1:0.999865|7:0.000132,728,729,7,0.0,0.0,0.0,0.0,0.3333333333333333,0.009900990099009901,0.019230769230769232,1.0,0.4,0.019801980198019802,0.03773584905660377,1.0,0.5
hybrid_top2,ann,515,516,คู่มือยูนิกซ์เดสก์ทอป Korn Shell,8,1:0.523630|8:0.444994,685,686,8,1.0,0.024390243902439025,0.047619047619047616,1.0,1.0,0.07317073170731707,0.13636363636363635,1.0,0.8,0.0975609756097561,0.1739130434782609,1.0,1.0
hybrid_top2,ann,189,190,สร้าง Mobile App ข้ามแพลตฟอร์ม ด้วย PhoneGap,18,18:0.999785|1:0.000111,191,192,18,1.0,0.037037037037037035,0.07142857142857142,1.0,1.0,0.1111111111111111,0.19999999999999998,1.0,1.0,0.18518518518518517,0.3125,1.0,1.0
hybrid_top2,ann,739,740,การสื่อสารข้อมูลและเครือข่าย,11,11:0.999997|22:0.000002,746,747,11,1.0,0.02857142857142857,0.05555555555555556,1.0,1.0,0.08571428571428572,0.15789473684210528,1.0,1.0,0.14285714285714285,0.25,1.0,1.0
hybrid_top2,ann,124,125,ระบบฐานข้อมูล,12,12:0.999769|11:0.000077,354,355,12,1.0,0.022727272727272728,0.044444444444444446,1.0,1.0,0.06818181818181818,0.1276595744680851,1.0,1.0,0.11363636363636363,0.20408163265306123,1.0,1.0
hybrid_top2,ann,659,660,ภาพประกอบความรู้เบื้องต้นเกี่ยวกับคอมพิวเตอร์,2,4:0.996670|1:0.001231,701,702,4,0.0,0.0,0.0,0.0,0.0,0.0,0.0,0.0,0.0,0.0,0.0,0.0,0.0
hybrid_top2,ann,747,748,ก้าวทันโลก Internet,11,4:0.999902|21:0.000070,656,657,4,0.0,0.0,0.0,0.0,0.0,0.0,0.0,0.0,0.0,0.0,0.0,0.0,0.0
hybrid_top2,ann,672,673,"การพัฒนา ระบบฐานข้อมูล ด้วยภาษาซี
 C DATA BASE DEVELOPMENT",1,1:0.978935|12:0.016904,116,117,12,0.0,0.0,0.0,0.0,0.0,0.0,0.0,0.0,0.0,0.0,0.0,0.0,0.0
hybrid_top2,ann,663,664,การโปรแกรมภาษาเบสิก Basic programming,1,1:0.999747|4:0.000243,483,484,1,1.0,0.009900990099009901,0.0196078431372549,1.0,0.3333333333333333,0.009900990099009901,0.019230769230769232,1.0,0.6,0.0297029702970297,0.056603773584905655,1.0,1.0
hybrid_top2,ann,271,272,เรียนลัด Visual Basic6.0 สไตล์ Visual Guide,1,1:0.912531|7:0.087307,526,527,7,0.0,0.0,0.0,0.0,0.0,0.0,0.0,0.0,0.2,0.009900990099009901,0.018867924528301886,1.0,0.2
hybrid_top2,ann,29,30,อิเล็กทรอนิกส์อุตสาหกรรม 1,3,3:0.821418|15:0.085121,27,28,3,1.0,0.07692307692307693,0.14285714285714288,1.0,1.0,0.23076923076923078,0.375,1.0,1.0,0.38461538461538464,0.5555555555555556,1.0,1.0
hybrid_top2,ann,520,521,Object-oriented : analysis and design,7,19:0.600789|7:0.362284,198,199,19,0.0,0.0,0.0,0.0,0.3333333333333333,0.01639344262295082,0.03125,1.0,0.2,0.01639344262295082,0.030303030303030307,1.0,0.5
hybrid_top2,ann,436,437,Introduction to differential calculus and integration,6,6:0.999120|23:0.000330,384,385,6,1.0,0.02631578947368421,0.05128205128205127,1.0,1.0,0.07894736842105263,0.14634146341463414,1.0,1.0,0.13157894736842105,0.23255813953488372,1.0,1.0
hybrid_top2,ann,609,610,จับตายวายร้ายโทรจัน,4,4:0.986626|21:0.012595,605,606,4,1.0,0.010526315789473684,0.020833333333333332,1.0,0.6666666666666666,0.021052631578947368,0.04081632653061225,1.0,0.8,0.042105263157894736,0.07999999999999999,1.0,1.0
hybrid_top2,ann,724,725,กระบวนการแยกเชิงกลในอุตสาหกรรม,25,8:0.258640|1:0.223968,283,284,1,0.0,0.0,0.0,0.0,0.0,0.0,0.0,0.0,0.0,0.0,0.0,0.0,0.0
hybrid_top2,ann,742,743,ก้าวสู่ระบบเครือข่าย ยุค2000,11,11:0.999999|13:0.000001,112,113,11,1.0,0.02857142857142857,0.05555555555555556,1.0,1.0,0.08571428571428572,0.15789473684210528,1.0,1.0,0.14285714285714285,0.25,1.0,1.0
hybrid_top2,ann,421,422,การวิเคราะห์การถดถอย : แนวคิด วิธีการและการประยุกต์ใช้,23,23:0.999936|17:0.000055,406,407,23,1.0,0.02857142857142857,0.05555555555555556,1.0,1.0,0.08571428571428572,0.15789473684210528,1.0,1.0,0.14285714285714285,0.25,1.0,1.0
hybrid_top2,ann,603,604,เอกสารประกอบการสอนรายวิชา 060213611 การโปรแกรมคอมพิวเตอร์ (Programming for computer game),1,7:0.846891|1:0.146833,599,600,1,1.0,0.009900990099009901,0.0196078431372549,1.0,0.6666666666666666,0.019801980198019802,0.038461538461538464,1.0,0.8,0.039603960396039604,0.07547169811320754,1.0,1.0
hybrid_top2,ann,447,448,การวิเคราะห์สถิติ : สถิติเพื่อการตัดสินใจ,23,23:0.999965|13:0.000028,415,416,23,1.0,0.02857142857142857,0.05555555555555556,1.0,0.6666666666666666,0.05714285714285714,0.10526315789473684,1.0,0.8,0.11428571428571428,0.19999999999999998,1.0,1.0
hybrid_top2,ann,280,281,พัฒนา Mobile App ฉบับ Pro android,18,18:0.999382|1:0.000330,192,193,18,1.0,0.037037037037037035,0.07142857142857142,1.0,1.0,0.1111111111111111,0.19999999999999998,1.0,1.0,0.18518518518518517,0.3125,1.0,1.0
hybrid_top2,ann,268,269,Advanced Visual Basic Version 6.0,1,1:0.987271|7:0.011645,528,529,1,1.0,0.009900990099009901,0.0196078431372549,1.0,0.3333333333333333,0.009900990099009901,0.019230769230769232,1.0,0.4,0.019801980198019802,0.03773584905660377,1.0,1.0
hybrid_top2,ann,399,400,การแจกแจงเชิงสถิติ Statistical Distributions,9,23:0.957102|13:0.037081,415,416,23,0.0,0.0,0.0,0.0,0.0,0.0,0.0,0.0,0.0,0.0,0.0,0.0,0.0
hybrid_top2,ann,561,562,"BASIC LINGOMI
 DIRECTOR 6.0",17,4:0.983031|1:0.009439,234,235,4,0.0,0.0,0.0,0.0,0.0,0.0,0.0,0.0,0.0,0.0,0.0,0.0,0.0
hybrid_top2,ann,1,2,อัลกอริทึมและ การเขียนโปรแกรมภาษา C,1,1:0.999545|7:0.000452,669,670,1,1.0,0.009900990099009901,0.0196078431372549,1.0,1.0,0.0297029702970297,0.05769230769230769,1.0,1.0,0.04950495049504951,0.09433962264150944,1.0,1.0
hybrid_top2,ann,138,139,พัฒนา เว็บไซต์สมัยใหม่ด้วย HTML5 JavaScript + CSS3 ฉบับสมบูรณ์,14,14:0.998723|18:0.000576,560,561,14,1.0,0.03225806451612903,0.0625,1.0,1.0,0.0967741935483871,0.17647058823529413,1.0,1.0,0.16129032258064516,0.27777777777777773,1.0,1.0
hybrid_top2,ann,68,69,ระบบปฏิบัติการ(OPERATING SYSTEMS),8,8:0.999942|4:0.000016,625,626,8,1.0,0.024390243902439025,0.047619047619047616,1.0,1.0,0.07317073170731707,0.13636363636363635,1.0,1.0,0.12195121951219512,0.21739130434782605,1.0,1.0
hybrid_top2,ann,234,235,Authorware 7 เรียนรู้และประยุกต์ใช้งาน สไตล์ Workshop,4,4:0.272221|24:0.231023,460,461,24,0.0,0.0,0.0,0.0,0.3333333333333333,0.010526315789473684,0.020408163265306124,1.0,0.4,0.021052631578947368,0.039999999999999994,1.0,0.3333333333333333
hybrid_top2,ann,127,128,ระบบสารสนเทศเพื่อการจัดการ,13,13:0.999998|1:0.000002,128,129,13,1.0,0.1,0.18181818181818182,1.0,1.0,0.3,0.4615384615384615,1.0,1.0,0.5,0.6666666666666666,1.0,1.0
hybrid_top2,ann,405,406,การวิเคราะห์และออกแบบระบบSystems analysis and design (ฉบับปรับปรุงเพิ่มเติม),22,22:0.985223|19:0.004695,404,405,22,1.0,0.09090909090909091,0.16666666666666669,1.0,1.0,0.2727272727272727,0.42857142857142855,1.0,1.0,0.45454545454545453,0.625,1.0,1.0
hybrid_top2,ann,90,91,"คัมภีร์การใช้งาน C# : ควบคุม การทำงาน Microcontroller, PLC และ IoT",10,10:0.943245|1:0.048500,93,94,10,1.0,0.05555555555555555,0.10526315789473684,1.0,0.6666666666666666,0.1111111111111111,0.1904761904761905,1.0,0.6,0.16666666666666666,0.2608695652173913,1.0,1.0
hybrid_top2,ann,87,88,เรียนรู้ระบบฝังตัวด้วย Raspberry Pi,10,15:0.999962|16:0.000017,154,155,15,0.0,0.0,0.0,0.0,0.0,0.0,0.0,0.0,0.0,0.0,0.0,0.0,0.0
hybrid_top2,ann,286,287,หนังสือเรียนคอมพิวเตอร์การใช้โปรแกรมไมโครซอฟต์แอกเซส 2003 (Microsoft office Access 2003),4,12:0.962813|1:0.019930,117,118,12,0.0,0.0,0.0,0.0,0.0,0.0,0.0,0.0,0.0,0.0,0.0,0.0,0.0
hybrid_top2,ann,591,592,คู่มือพัฒนาโปรแกรมandroid ฉบับสร้างสื่อการสอน,18,18:0.993817|1:0.006057,590,591,18,1.0,0.037037037037037035,0.07142857142857142,1.0,1.0,0.1111111111111111,0.19999999999999998,1.0,0.8,0.14814814814814814,0.25,1.0,1.0
hybrid_top2,ann,702,703,คอมพิวเตอร์และเทคโนโลยีสารสนเทศสำหรับครู Computer and information technology for teachers,26,4:0.998901|21:0.000573,212,213,4,0.0,0.0,0.0,0.0,0.0,0.0,0.0,0.0,0.0,0.0,0.0,0.0,0.0
hybrid_top2,ann,557,558,ภาษาและการโปรเเกรม C (ฉบับปรับปรุง),1,1:0.999996|8:0.000003,666,667,1,1.0,0.009900990099009901,0.0196078431372549,1.0,1.0,0.0297029702970297,0.05769230769230769,1.0,1.0,0.04950495049504951,0.09433962264150944,1.0,1.0
hybrid_top2,ann,320,321,ความมั่นคงปลอดภัยของคอมพิวเตอร์,21,21:0.996092|4:0.000897,317,318,21,1.0,0.05555555555555555,0.10526315789473684,1.0,1.0,0.16666666666666666,0.2857142857142857,1.0,0.8,0.2222222222222222,0.3478260869565218,1.0,1.0
hybrid_top2,ann,594,595,THE android BOOK ใช้ได้กับเวอร์ชัน 1.5 - 2.3คู่มือสมาร์ทโฟนแอนดรอยด์ฉบับสมบูรณ์ที่สุด,18,18:0.981288|8:0.011142,589,590,18,1.0,0.037037037037037035,0.07142857142857142,1.0,0.6666666666666666,0.07407407407407407,0.13333333333333333,1.0,0.6,0.1111111111111111,0.18750000000000003,1.0,1.0
hybrid_top2,ann,513,514,การเขียนโปรแกรมคอมพิวเตอร์เบื้องต้น Introduction to computer programming,4,1:0.999999|4:0.000001,650,651,1,0.0,0.0,0.0,0.0,0.0,0.0,0.0,0.0,0.0,0.0,0.0,0.0,0.0
hybrid_top2,ann,565,566,การเขียนโปรแกรมภาษาปาสคาลเบื้องต้น,1,1:1.000000|7:0.000000,650,651,1,1.0,0.009900990099009901,0.0196078431372549,1.0,1.0,0.0297029702970297,0.05769230769230769,1.0,1.0,0.04950495049504951,0.09433962264150944,1.0,1.0
hybrid_top2,ann,704,705,คอมพิวเตอร์เบื้องต้น,4,4:0.999397|1:0.000363,701,702,4,1.0,0.010526315789473684,0.020833333333333332,1.0,1.0,0.031578947368421054,0.061224489795918366,1.0,1.0,0.05263157894736842,0.1,1.0,1.0
hybrid_top2,ann,654,655,คัมภีร์ JSP,14,1:0.862182|14:0.075926,678,679,14,1.0,0.03225806451612903,0.0625,1.0,0.6666666666666666,0.06451612903225806,0.1176470588235294,1.0,0.8,0.12903225806451613,0.2222222222222222,1.0,1.0
hybrid_top2,ann,695,696,ระบบคอมพิวเตอร์และสถาปัตยกรรม,2,2:0.997358|1:0.001204,696,697,2,1.0,0.02564102564102564,0.05,1.0,1.0,0.07692307692307693,0.14285714285714288,1.0,1.0,0.1282051282051282,0.22727272727272727,1.0,1.0
hybrid_top2,ann,285,286,คอมพิวเตอร์ภาษาชาวบ้าน,4,4:0.988686|1:0.011148,704,705,4,1.0,0.010526315789473684,0.020833333333333332,1.0,1.0,0.031578947368421054,0.061224489795918366,1.0,1.0,0.05263157894736842,0.1,1.0,1.0
hybrid_top2,ann,701,702,คอมพิวเตอร์เบื้องต้น Introduction to computers,4,4:0.999983|21:0.000007,704,705,4,1.0,0.010526315789473684,0.020833333333333332,1.0,1.0,0.031578947368421054,0.061224489795918366,1.0,1.0,0.05263157894736842,0.1,1.0,1.0
hybrid_top2,ann,392,393,ทฤษฎีจำนวน (Number Theory),6,6:0.999305|1:0.000532,393,394,6,1.0,0.02631578947368421,0.05128205128205127,1.0,1.0,0.07894736842105263,0.14634146341463414,1.0,1.0,0.13157894736842105,0.23255813953488372,1.0,1.0
hybrid_top2,ann,717,718,ไมโครโปรเซสเซอร์ ตระกูล INTEL ปฏิบัติการบนไมโครคอมพิวเตอร์,10,2:0.907936|10:0.026294,707,708,2,0.0,0.0,0.0,0.0,0.3333333333333333,0.05555555555555555,0.09523809523809525,1.0,0.4,0.1111111111111111,0.1739130434782609,1.0,0.5
hybrid_top2,ann,706,707,คอมพิวเตอร์เบื้องต้นและเทคนิคการออกแบบโปรแกรม,1,1:0.699485|4:0.280456,657,658,4,0.0,0.0,0.0,0.0,0.0,0.0,0.0,0.0,0.0,0.0,0.0,0.0,0.0
hybrid_top2,ann,459,460,สร้าง Responsive learning ด้วย Adobe Captivate 8,24,4:0.542780|18:0.296631,234,235,4,0.0,0.0,0.0,0.0,0.0,0.0,0.0,0.0,0.0,0.0,0.0,0.0,0.0
hybrid_top2,ann,173,174,เรียนรู้หลักการData Science ด้วย Python,16,16:0.999997|12:0.000001,169,170,16,1.0,0.0625,0.11764705882352941,1.0,1.0,0.1875,0.3157894736842105,1.0,1.0,0.3125,0.47619047619047616,1.0,1.0
hybrid_top2,ann,102,103,การสื่อสารข้อมูลและโครงข่าย : Data Communication and Networking,11,11:0.993035|1:0.002868,98,99,11,1.0,0.02857142857142857,0.05555555555555556,1.0,1.0,0.08571428571428572,0.15789473684210528,1.0,1.0,0.14285714285714285,0.25,1.0,1.0
hybrid_top2,ann,731,732,สัญญานและระบบSIGNAL AND SYSTEN,11,11:0.360050|1:0.177632,395,396,1,0.0,0.0,0.0,0.0,0.3333333333333333,0.02857142857142857,0.05263157894736842,1.0,0.4,0.05714285714285714,0.09999999999999999,1.0,0.5
hybrid_top2,ann,51,52,การเขียนโปรแกรมด้วย JAVA,7,7:0.999743|1:0.000256,60,61,7,1.0,0.01639344262295082,0.03225806451612903,1.0,1.0,0.04918032786885246,0.09375,1.0,0.8,0.06557377049180328,0.12121212121212123,1.0,1.0
hybrid_top2,ann,583,584,เรียน AutoCAD พื้นฐานสำหรับการเขียนแบบ 2 มิติ Release 13,17,17:0.999219|18:0.000542,289,290,17,1.0,0.06666666666666667,0.125,1.0,1.0,0.2,0.33333333333333337,1.0,1.0,0.3333333333333333,0.5,1.0,1.0
hybrid_top2,ann,505,506,คู่มือการใช้โปรแกรม Multimedia ToolBook 4.0 สำหรับ Windows,7,1:0.518538|4:0.415758,578,579,4,0.0,0.0,0.0,0.0,0.0,0.0,0.0,0.0,0.0,0.0,0.0,0.0,0.0
hybrid_top2,ann,527,528,คัมภีร์ Visual Basic 6.0 : สำหรับผู้เริ่มต้น,7,1:0.995744|7:0.004211,526,527,7,1.0,0.01639344262295082,0.03225806451612903,1.0,0.6666666666666666,0.03278688524590164,0.0625,1.0,0.8,0.06557377049180328,0.12121212121212123,1.0,1.0
hybrid_top2,ann,252,253,ระบบปฏิบัติการOperating system,8,8:0.999920|1:0.000040,66,67,8,1.0,0.024390243902439025,0.047619047619047616,1.0,1.0,0.07317073170731707,0.13636363636363635,1.0,0.8,0.0975609756097561,0.1739130434782609,1.0,1.0
hybrid_top2,ann,146,147,พัฒนา Web Application ด้วย JavaScript และ Node.js,14,14:0.999406|1:0.000511,560,561,14,1.0,0.03225806451612903,0.0625,1.0,1.0,0.0967741935483871,0.17647058823529413,1.0,1.0,0.16129032258064516,0.27777777777777773,1.0,1.0
hybrid_top2,ann,248,249,Red Hat Linux ฉบับเพื่อการใช้งานจริง,8,8:0.981897|1:0.017371,70,71,8,1.0,0.024390243902439025,0.047619047619047616,1.0,1.0,0.07317073170731707,0.13636363636363635,1.0,1.0,0.12195121951219512,0.21739130434782605,1.0,1.0
hybrid_top2,ann,599,600,โปรแกรมสำเร็จรูปและการประยุกต์ใช้งาน,1,1:0.688582|4:0.187508,596,597,4,0.0,0.0,0.0,0.0,0.3333333333333333,0.009900990099009901,0.019230769230769232,1.0,0.6,0.0297029702970297,0.056603773584905655,1.0,0.5
hybrid_top2,ann,416,417,การทดสอบสมมติฐานเกี่ยวกับค่าเฉลี่ย : วิเคราะห์ด้วยโปรแกรมไมโครซอฟท์เอกซ์เซล,23,23:0.999999|17:0.000000,415,416,23,1.0,0.02857142857142857,0.05555555555555556,1.0,1.0,0.08571428571428572,0.15789473684210528,1.0,1.0,0.14285714285714285,0.25,1.0,1.0
hybrid_top2,ann,478,479,คอมพิวเตอร์ขนาดเล็กและการประยุกต์ใช้งาน,4,4:0.520633|11:0.318272,679,680,4,1.0,0.010526315789473684,0.020833333333333332,1.0,1.0,0.031578947368421054,0.061224489795918366,1.0,1.0,0.05263157894736842,0.1,1.0,1.0
hybrid_top2,ann,384,385,พฤติกรรมการสอนคณิตศาสตร์ Mathematics Teaching Behaviors,6,6:0.993051|24:0.002550,373,374,6,1.0,0.02631578947368421,0.05128205128205127,1.0,1.0,0.07894736842105263,0.14634146341463414,1.0,1.0,0.13157894736842105,0.23255813953488372,1.0,1.0
hybrid_top2,ann,236,237,Advance .NET Programming ฉบับมืออาชีพ,7,1:0.728302|7:0.271269,538,539,7,1.0,0.01639344262295082,0.03225806451612903,1.0,1.0,0.04918032786885246,0.09375,1.0,1.0,0.08196721311475409,0.1515151515151515,1.0,1.0
hybrid_top2,ann,258,259,ปรับไบออสให้เครื่องเร็ว ง่าย...นิดเดียว,2,4:0.996260|2:0.001963,649,650,4,0.0,0.0,0.0,0.0,0.3333333333333333,0.02564102564102564,0.047619047619047616,1.0,0.6,0.07692307692307693,0.13636363636363635,1.0,0.5
hybrid_top2,ann,19,20,การประมวลผลประสิทธิภาพสูง : สถาปัตยกรรมและกระบวนทัศน์การเขียนโปรแกรม,2,2:0.444181|7:0.142157,17,18,2,1.0,0.02564102564102564,0.05,1.0,1.0,0.07692307692307693,0.14285714285714288,1.0,1.0,0.1282051282051282,0.22727272727272727,1.0,1.0
hybrid_top2,ann,398,399,รากฐานของคอปูลา,6,6:0.754655|23:0.060585,393,394,6,1.0,0.02631578947368421,0.05128205128205127,1.0,1.0,0.07894736842105263,0.14634146341463414,1.0,0.8,0.10526315789473684,0.18604651162790697,1.0,1.0
hybrid_top2,ann,223,224,Hacking & Security ก้าวสู่นักทดสอบและป้องกันการเจาะระบบ,21,21:0.998596|4:0.000915,222,223,21,1.0,0.05555555555555555,0.10526315789473684,1.0,1.0,0.16666666666666666,0.2857142857142857,1.0,0.8,0.2222222222222222,0.3478260869565218,1.0,1.0
hybrid_top2,ann,198,199,วิศวกรรมซอฟต์แวร์ เบื้องต้น,19,19:0.999608|7:0.000241,199,200,19,1.0,0.07142857142857142,0.13333333333333333,1.0,1.0,0.21428571428571427,0.35294117647058826,1.0,0.8,0.2857142857142857,0.4210526315789473,1.0,1.0
hybrid_top2,ann,349,350,ระบบฐานข้อมูล Oracle Database 10 g,12,12:0.999982|16:0.000005,120,121,12,1.0,0.022727272727272728,0.044444444444444446,1.0,1.0,0.06818181818181818,0.1276595744680851,1.0,1.0,0.11363636363636363,0.20408163265306123,1.0,1.0
hybrid_top2,ann,327,328,รอบรู้ประยุกต์ใช้ SQL server 2005,12,12:0.999967|16:0.000016,114,115,12,1.0,0.022727272727272728,0.044444444444444446,1.0,1.0,0.06818181818181818,0.1276595744680851,1.0,1.0,0.11363636363636363,0.20408163265306123,1.0,1.0
hybrid_top2,ann,479,480,คอมพิวเตอร์เพื่องานอาชีพ,4,4:0.983232|8:0.016326,213,214,4,1.0,0.010526315789473684,0.020833333333333332,1.0,0.6666666666666666,0.021052631578947368,0.04081632653061225,1.0,0.4,0.021052631578947368,0.039999999999999994,1.0,1.0
hybrid_top2,ann,433,434,เอกสารคำสอน วิชาวิธีการเชิงตัวเลข Numerical Computing,6,6:0.999998|1:0.000002,432,433,6,1.0,0.02631578947368421,0.05128205128205127,1.0,1.0,0.07894736842105263,0.14634146341463414,1.0,1.0,0.13157894736842105,0.23255813953488372,1.0,1.0
hybrid_top2,ann,622,623,การสร้างเว็บเพจ,14,14:0.426477|1:0.408480,569,570,1,0.0,0.0,0.0,0.0,0.6666666666666666,0.06451612903225806,0.1176470588235294,1.0,0.8,0.12903225806451613,0.2222222222222222,1.0,0.5
hybrid_top2,ann,185,186,พัฒนา โมไบล์แอปด้วย Flutter + Dart,18,18:0.996239|1:0.002873,183,184,18,1.0,0.037037037037037035,0.07142857142857142,1.0,1.0,0.1111111111111111,0.19999999999999998,1.0,0.6,0.1111111111111111,0.18750000000000003,1.0,1.0
hybrid_top2,ann,175,176,เรียนรู้ Data Science ด้วยภาษา R,16,16:0.827451|12:0.138707,123,124,12,0.0,0.0,0.0,0.0,0.3333333333333333,0.0625,0.10526315789473684,1.0,0.2,0.0625,0.09523809523809523,1.0,0.5
hybrid_top2,ann,474,475,คอมพิวเตอร์ฉบับภาคปฏิบัติ (สำหรับผู้เริ่มต้น),4,4:0.999988|1:0.000005,701,702,4,1.0,0.010526315789473684,0.020833333333333332,1.0,1.0,0.031578947368421054,0.061224489795918366,1.0,1.0,0.05263157894736842,0.1,1.0,1.0
hybrid_top2,ann,2,3,การเขียนโปรแกรมด้วยภาษา C (Programming with C),1,1:1.000000|7:0.000000,9,10,1,1.0,0.009900990099009901,0.0196078431372549,1.0,1.0,0.0297029702970297,0.05769230769230769,1.0,1.0,0.04950495049504951,0.09433962264150944,1.0,1.0
hybrid_top2,ann,14,15,คู่มือเขียนโปรแกรมด้วย ภาษา C ฉบับสมบูรณ์ (ปรับปรุงใหม่),1,1:0.999929|7:0.000069,9,10,1,1.0,0.009900990099009901,0.0196078431372549,1.0,1.0,0.0297029702970297,0.05769230769230769,1.0,1.0,0.04950495049504951,0.09433962264150944,1.0,1.0
hybrid_top2,ann,475,476,การวิเคราะห์ระบบงานแบบโครงสร้าง (เทคนิคและวิธีการวิเคราะห์ระบบงานคอมพิวเตอร์),2,22:0.902032|21:0.032950,404,405,22,0.0,0.0,0.0,0.0,0.0,0.0,0.0,0.0,0.0,0.0,0.0,0.0,0.0
hybrid_top2,ann,725,726,ภาษาแอสเซมบลีสำหรับ MCS-51,2,1:0.965891|10:0.033488,673,674,1,0.0,0.0,0.0,0.0,0.0,0.0,0.0,0.0,0.0,0.0,0.0,0.0,0.0
hybrid_top2,ann,144,145,พัฒนา Web App แบบ Responsive ด้วย Bootstrap5 ร่วมกับ Vue.js และ Node.js,14,14:0.999240|1:0.000408,146,147,14,1.0,0.03225806451612903,0.0625,1.0,1.0,0.0967741935483871,0.17647058823529413,1.0,1.0,0.16129032258064516,0.27777777777777773,1.0,1.0
hybrid_top2,ann,216,217,คู่มือใช้งาน PowerPoint 2019 PowerPoint 365 ฉบับมืออาชีพ,4,4:0.999285|1:0.000220,646,647,4,1.0,0.010526315789473684,0.020833333333333332,1.0,1.0,0.031578947368421054,0.061224489795918366,1.0,0.8,0.042105263157894736,0.07999999999999999,1.0,1.0
hybrid_top2,ann,397,398,วิทยาการรหัสลับในระบบเทคโนโลยีสารสนเทศและโทรคมนาคม(Crvptographp in Information Technology and Communication Systems),21,21:0.974159|4:0.020463,396,397,21,1.0,0.05555555555555555,0.10526315789473684,1.0,1.0,0.16666666666666666,0.2857142857142857,1.0,0.8,0.2222222222222222,0.3478260869565218,1.0,1.0
hybrid_top2,ann,262,263,เปลี่ยนใจใช้แมค,4,8:0.994424|1:0.003955,243,244,8,0.0,0.0,0.0,0.0,0.0,0.0,0.0,0.0,0.0,0.0,0.0,0.0,0.0
hybrid_top2,ann,728,729,คู่มือการเขียนโปรแกรมภาษา Java ฉบับสมบูรณ์,7,7:0.999999|1:0.000001,655,656,7,1.0,0.01639344262295082,0.03225806451612903,1.0,1.0,0.04918032786885246,0.09375,1.0,1.0,0.08196721311475409,0.1515151515151515,1.0,1.0
hybrid_top2,ann,345,346,Access2007,12,12:0.998125|1:0.001155,339,340,12,1.0,0.022727272727272728,0.044444444444444446,1.0,0.6666666666666666,0.045454545454545456,0.08510638297872342,1.0,0.8,0.09090909090909091,0.163265306122449,1.0,1.0
hybrid_top2,ann,439,440,เทอร์โมไดนามิกส์ สำหรับนักเทคโนโลยีวิศวการและวิศวกร,6,6:0.221648|22:0.139676,373,374,6,1.0,0.02631578947368421,0.05128205128205127,1.0,1.0,0.07894736842105263,0.14634146341463414,1.0,0.8,0.10526315789473684,0.18604651162790697,1.0,1.0
hybrid_top2,ann,579,580,คู่มือปฏิบัติตามกระบวนการมาตรฐานวิศวกรรมซอฟต์แวร์ ISO/IEC 29110,19,19:0.589602|13:0.272833,199,200,19,1.0,0.07142857142857142,0.13333333333333333,1.0,1.0,0.21428571428571427,0.35294117647058826,1.0,1.0,0.35714285714285715,0.5263157894736842,1.0,1.0
hybrid_top2,ann,65,66,เขียนโปรแกรมเชิงวัตถุภาษา Java ฉบับสมบูรณ์,7,7:1.000000|1:0.000000,60,61,7,1.0,0.01639344262295082,0.03225806451612903,1.0,1.0,0.04918032786885246,0.09375,1.0,1.0,0.08196721311475409,0.1515151515151515,1.0,1.0
hybrid_top2,ann,297,298,The new iPad ฉบับสมบูรณ์,4,4:0.999850|8:0.000117,298,299,4,1.0,0.010526315789473684,0.020833333333333332,1.0,0.6666666666666666,0.021052631578947368,0.04081632653061225,1.0,0.8,0.042105263157894736,0.07999999999999999,1.0,1.0
hybrid_top2,ann,426,427,การวิเคราะห์สถิติหลายตัวแปรสำหรับงานวิจัย,23,23:0.999933|17:0.000040,425,426,23,1.0,0.02857142857142857,0.05555555555555556,1.0,1.0,0.08571428571428572,0.15789473684210528,1.0,1.0,0.14285714285714285,0.25,1.0,1.0
hybrid_top2,ann,735,736,การประมวลสัญญาณเชิงเลขเบื้องต้น Basic Digital Signal Processing,5,11:0.987026|22:0.009902,736,737,11,0.0,0.0,0.0,0.0,0.0,0.0,0.0,0.0,0.0,0.0,0.0,0.0,0.0
hybrid_top2,ann,283,284,การเขียนชุดคำสั่งภาษา C,1,1:0.999977|13:0.000020,546,547,1,1.0,0.009900990099009901,0.0196078431372549,1.0,1.0,0.0297029702970297,0.05769230769230769,1.0,1.0,0.04950495049504951,0.09433962264150944,1.0,1.0
hybrid_top2,ann,495,496,การประยุกต์ใช้ระบบไคลเอ็นต์เซิร์ฟเวอร์,11,11:0.729849|8:0.146690,688,689,8,0.0,0.0,0.0,0.0,0.0,0.0,0.0,0.0,0.2,0.02857142857142857,0.049999999999999996,1.0,0.2
hybrid_top2,ann,204,205,เรียนรู้ AI : Deep Learning ด้วย Python,20,20:0.937321|16:0.058422,205,206,20,1.0,0.125,0.2222222222222222,1.0,1.0,0.375,0.5454545454545454,1.0,0.6,0.375,0.4615384615384615,1.0,1.0
hybrid_top2,ann,31,32,พื้นฐานการออกแบบ วงจรอิเล็กทรอนิกส์,3,3:0.896742|5:0.098761,30,31,3,1.0,0.07692307692307693,0.14285714285714288,1.0,1.0,0.23076923076923078,0.375,1.0,0.8,0.3076923076923077,0.4444444444444444,1.0,1.0
hybrid_top2,ann,47,48,เทคนิคทำโคออร์ดิเนตคณิตท เรื่อง : ตรรกศาสตร์,6,6:0.798066|1:0.107080,383,384,6,1.0,0.02631578947368421,0.05128205128205127,1.0,1.0,0.07894736842105263,0.14634146341463414,1.0,1.0,0.13157894736842105,0.23255813953488372,1.0,1.0
hybrid_top2,ann,707,708,ไมโครโปรเซสเซอร์ หลักและการประยุกต์ใช้งาน,2,10:0.700194|2:0.238287,717,718,10,0.0,0.0,0.0,0.0,0.0,0.0,0.0,0.0,0.2,0.02564102564102564,0.045454545454545456,1.0,0.2
hybrid_top2,ann,368,369,การประมวลแฟ้มข้อมูล FILE PROCESSING,9,1:0.981324|8:0.016501,674,675,1,0.0,0.0,0.0,0.0,0.0,0.0,0.0,0.0,0.0,0.0,0.0,0.0,0.0
hybrid_top2,ann,117,118,พื้นฐานการจัดการฐานข้อมูล (รหัสวิชา 2128-2008),12,12:0.998398|1:0.000836,351,352,12,1.0,0.022727272727272728,0.044444444444444446,1.0,1.0,0.06818181818181818,0.1276595744680851,1.0,1.0,0.11363636363636363,0.20408163265306123,1.0,1.0
hybrid_top2,ann,159,160,Arduino Uno + ตัวอย่างงาน IoT,15,10:0.999999|15:0.000001,88,89,10,0.0,0.0,0.0,0.0,0.0,0.0,0.0,0.0,0.2,0.1,0.13333333333333333,1.0,0.2
hybrid_top2,ann,389,390,ทฤษฎีกราฟเบื้องต้น,9,6:0.999995|1:0.000003,48,49,6,0.0,0.0,0.0,0.0,0.0,0.0,0.0,0.0,0.0,0.0,0.0,0.0,0.0
hybrid_top2,ann,379,380,การวิเคราะห์และออกแบบระบบสารสนเทศ Information systems : structured analysis & design,8,22:0.721513|13:0.215142,134,135,13,0.0,0.0,0.0,0.0,0.0,0.0,0.0,0.0,0.0,0.0,0.0,0.0,0.0
hybrid_top2,ann,180,181,Maya 3D Special Effect,17,17:0.999955|18:0.000029,181,182,17,1.0,0.06666666666666667,0.125,1.0,1.0,0.2,0.33333333333333337,1.0,0.8,0.26666666666666666,0.4,1.0,1.0
hybrid_top2,ann,639,640,การเขียนโปรแกรมภาษาปาสคาล Computer programming with Pascal,1,1:0.999812|7:0.000096,565,566,1,1.0,0.009900990099009901,0.0196078431372549,1.0,1.0,0.0297029702970297,0.05769230769230769,1.0,1.0,0.04950495049504951,0.09433962264150944,1.0,1.0
hybrid_top2,ann,661,662,ถาม-ตอบ ปัญหาคอมพิวเตอร์ : ยกระดับมาตรฐานฝีมือช่างเทคนิคคอมพิวเตอร์มืออาชีพ,4,4:0.999296|1:0.000574,476,477,4,1.0,0.010526315789473684,0.020833333333333332,1.0,1.0,0.031578947368421054,0.061224489795918366,1.0,0.8,0.042105263157894736,0.07999999999999999,1.0,1.0
hybrid_top2,ann,596,597,โปรแกรมสำเร็จรูปในงานอาชีพ,4,1:0.583695|4:0.225055,599,600,1,0.0,0.0,0.0,0.0,0.6666666666666666,0.021052631578947368,0.04081632653061225,1.0,0.6,0.031578947368421054,0.060000000000000005,1.0,0.5
hybrid_top2,ann,352,353,Oracle กับเทคโนโลยียอดนิยม,12,12:0.996764|16:0.000930,347,348,12,1.0,0.022727272727272728,0.044444444444444446,1.0,1.0,0.06818181818181818,0.1276595744680851,1.0,1.0,0.11363636363636363,0.20408163265306123,1.0,1.0
